// Bootloader update sketch. Paste into Arduino IDE and upload to the device
// to update bootloader. It will blink a few times and then start pulsing.
// Your OS will then detect a USB mass storage device.
#include <stdint.h>
const uint8_t bootloader[16384] __attribute__ ((aligned (4))) = {
0xa0, 0xd6, 0x00, 0x20, 0x75, 0x05, 0x00, 0x00, 0x71, 0x05, 0x00, 0x00, 0x71, 0x05, 0x00, 0x00,
0x71, 0x05, 0x00, 0x00, 0x71, 0x05, 0x00, 0x00, 0x71, 0x05, 0x00, 0x00, 0x00, 0x00, 0x00, 0x00,
0x00, 0x00, 0x00, 0x00, 0x00, 0x00, 0x00, 0x00, 0x00, 0x00, 0x00, 0x00, 0x71, 0x05, 0x00, 0x00,
0x71, 0x05, 0x00, 0x00, 0x00, 0x00, 0x00, 0x00, 0x71, 0x05, 0x00, 0x00, 0x6d, 0x05, 0x00, 0x00,
0x71, 0x05, 0x00, 0x00, 0x71, 0x05, 0x00, 0x00, 0x71, 0x05, 0x00, 0x00, 0x71, 0x05, 0x00, 0x00,
0x71, 0x05, 0x00, 0x00, 0x71, 0x05, 0x00, 0x00, 0x71, 0x05, 0x00, 0x00, 0x71, 0x05, 0x00, 0x00,
0x71, 0x05, 0x00, 0x00, 0x71, 0x05, 0x00, 0x00, 0x71, 0x05, 0x00, 0x00, 0x71, 0x05, 0x00, 0x00,
0x71, 0x05, 0x00, 0x00, 0x71, 0x05, 0x00, 0x00, 0x71, 0x05, 0x00, 0x00, 0x71, 0x05, 0x00, 0x00,
0x71, 0x05, 0x00, 0x00, 0x71, 0x05, 0x00, 0x00, 0x71, 0x05, 0x00, 0x00, 0x71, 0x05, 0x00, 0x00,
0x71, 0x05, 0x00, 0x00, 0x71, 0x05, 0x00, 0x00, 0x71, 0x05, 0x00, 0x00, 0x71, 0x05, 0x00, 0x00,
0x71, 0x05, 0x00, 0x00, 0x71, 0x05, 0x00, 0x00, 0x71, 0x05, 0x00, 0x00, 0x71, 0x05, 0x00, 0x00,
0x71, 0x05, 0x00, 0x00, 0x71, 0x05, 0x00, 0x00, 0x71, 0x05, 0x00, 0x00, 0x71, 0x05, 0x00, 0x00,
0x71, 0x05, 0x00, 0x00, 0x71, 0x05, 0x00, 0x00, 0x71, 0x05, 0x00, 0x00, 0x71, 0x05, 0x00, 0x00,
0x71, 0x05, 0x00, 0x00, 0x71, 0x05, 0x00, 0x00, 0x71, 0x05, 0x00, 0x00, 0x71, 0x05, 0x00, 0x00,
0x71, 0x05, 0x00, 0x00, 0x71, 0x05, 0x00, 0x00, 0x71, 0x05, 0x00, 0x00, 0x71, 0x05, 0x00, 0x00,
0x00, 0x00, 0x00, 0x00, 0x71, 0x05, 0x00, 0x00, 0x71, 0x05, 0x00, 0x00, 0x71, 0x05, 0x00, 0x00,
0x71, 0x05, 0x00, 0x00, 0x71, 0x05, 0x00, 0x00, 0x71, 0x05, 0x00, 0x00, 0x71, 0x05, 0x00, 0x00,
0x71, 0x05, 0x00, 0x00, 0x71, 0x05, 0x00, 0x00, 0x71, 0x05, 0x00, 0x00, 0x71, 0x05, 0x00, 0x00,
0x71, 0x05, 0x00, 0x00, 0x71, 0x05, 0x00, 0x00, 0x71, 0x05, 0x00, 0x00, 0x71, 0x05, 0x00, 0x00,
0x71, 0x05, 0x00, 0x00, 0x71, 0x05, 0x00, 0x00, 0x71, 0x05, 0x00, 0x00, 0x71, 0x05, 0x00, 0x00,
0x71, 0x05, 0x00, 0x00, 0x71, 0x05, 0x00, 0x00, 0x71, 0x05, 0x00, 0x00, 0x71, 0x05, 0x00, 0x00,
0x71, 0x05, 0x00, 0x00, 0x71, 0x05, 0x00, 0x00, 0x00, 0x00, 0x00, 0x00, 0x00, 0x00, 0x00, 0x00,
0x00, 0x00, 0x00, 0x00, 0x00, 0x00, 0x00, 0x00, 0x00, 0x00, 0x00, 0x00, 0x00, 0x00, 0x00, 0x00,
0x00, 0x00, 0x00, 0x00, 0x00, 0x00, 0x00, 0x00, 0x00, 0x00, 0x00, 0x00, 0x00, 0x00, 0x00, 0x00,
0x71, 0x05, 0x00, 0x00, 0x71, 0x05, 0x00, 0x00, 0x71, 0x05, 0x00, 0x00, 0x71, 0x05, 0x00, 0x00,
0x00, 0x00, 0x00, 0x00, 0x71, 0x05, 0x00, 0x00, 0x71, 0x05, 0x00, 0x00, 0x71, 0x05, 0x00, 0x00,
0x71, 0x05, 0x00, 0x00, 0x71, 0x05, 0x00, 0x00, 0x71, 0x05, 0x00, 0x00, 0x71, 0x05, 0x00, 0x00,
0x71, 0x05, 0x00, 0x00, 0x71, 0x05, 0x00, 0x00, 0x71, 0x05, 0x00, 0x00, 0x71, 0x05, 0x00, 0x00,
0x71, 0x05, 0x00, 0x00, 0x71, 0x05, 0x00, 0x00, 0x71, 0x05, 0x00, 0x00, 0x71, 0x05, 0x00, 0x00,
0x71, 0x05, 0x00, 0x00, 0x71, 0x05, 0x00, 0x00, 0x71, 0x05, 0x00, 0x00, 0x71, 0x05, 0x00, 0x00,
0x71, 0x05, 0x00, 0x00, 0x71, 0x05, 0x00, 0x00, 0x71, 0x05, 0x00, 0x00, 0x71, 0x05, 0x00, 0x00,
0x71, 0x05, 0x00, 0x00, 0x71, 0x05, 0x00, 0x00, 0x71, 0x05, 0x00, 0x00, 0x71, 0x05, 0x00, 0x00,
0x71, 0x05, 0x00, 0x00, 0x00, 0x00, 0x00, 0x00, 0x00, 0x00, 0x00, 0x00, 0x71, 0x05, 0x00, 0x00,
0x71, 0x05, 0x00, 0x00, 0x71, 0x05, 0x00, 0x00, 0x71, 0x05, 0x00, 0x00, 0x71, 0x05, 0x00, 0x00,
0x71, 0x05, 0x00, 0x00, 0x71, 0x05, 0x00, 0x00, 0x71, 0x05, 0x00, 0x00, 0x71, 0x05, 0x00, 0x00,
0x71, 0x05, 0x00, 0x00, 0x71, 0x05, 0x00, 0x00, 0x71, 0x05, 0x00, 0x00, 0x71, 0x05, 0x00, 0x00,
0x71, 0x05, 0x00, 0x00, 0x71, 0x05, 0x00, 0x00, 0x71, 0x05, 0x00, 0x00, 0x71, 0x05, 0x00, 0x00,
0x71, 0x05, 0x00, 0x00, 0x71, 0x05, 0x00, 0x00, 0x71, 0x05, 0x00, 0x00, 0x71, 0x05, 0x00, 0x00,
0x00, 0x00, 0x00, 0x00, 0xb0, 0xf5, 0x00, 0x2f, 0x0f, 0xd2, 0x08, 0x4b, 0x4a, 0xf2, 0x01, 0x51,
0x5a, 0x8a, 0xd2, 0x07, 0xfc, 0xd5, 0x58, 0x61, 0x99, 0x80, 0x5a, 0x8a, 0xd2, 0x07, 0xfc, 0xd5,
0x00, 0xf5, 0x00, 0x50, 0xb0, 0xf5, 0x00, 0x2f, 0xf2, 0xd3, 0x70, 0x47, 0x00, 0x40, 0x00, 0x41,
0x53, 0x1e, 0x3a, 0xb1, 0x04, 0x38, 0x51, 0xf8, 0x04, 0x2b, 0x40, 0xf8, 0x04, 0x2f, 0x01, 0x3b,
0x5a, 0x1c, 0xf8, 0xd1, 0x70, 0x47, 0x00, 0xbf, 0x70, 0xb5, 0x1a, 0x4c, 0x23, 0x88, 0x6f, 0xf3,
0x05, 0x13, 0x8e, 0x46, 0x23, 0x80, 0x11, 0x46, 0x63, 0x8a, 0xdd, 0x07, 0xfc, 0xd5, 0x4a, 0xf2,
0x15, 0x53, 0x14, 0x4a, 0xa3, 0x80, 0x53, 0x8a, 0xdc, 0x07, 0xfc, 0xd5, 0x09, 0xb3, 0x11, 0x4a,
0x4f, 0xf0, 0xff, 0x34, 0x4a, 0xf2, 0x04, 0x55, 0x04, 0x29, 0x8c, 0x46, 0x28, 0xbf, 0x4f, 0xf0,
0x04, 0x0c, 0x53, 0x8a, 0xdb, 0x07, 0xfc, 0xd5, 0x00, 0x23, 0x9c, 0x45, 0x86, 0xbf, 0x5e, 0xf8,
0x23, 0x60, 0x40, 0xf8, 0x23, 0x60, 0x40, 0xf8, 0x23, 0x40, 0x01, 0x33, 0x04, 0x2b, 0xf4, 0xd1,
0xb1, 0xeb, 0x0c, 0x01, 0x50, 0x61, 0x0e, 0xeb, 0x8c, 0x0e, 0x95, 0x80, 0x00, 0xeb, 0x8c, 0x00,
0xe2, 0xd1, 0x70, 0xbd, 0x00, 0x40, 0x00, 0x41, 0x2d, 0xe9, 0xf0, 0x4f, 0x5c, 0x4b, 0x87, 0xb0,
0x1a, 0x88, 0x42, 0xf4, 0x80, 0x42, 0x1a, 0x80, 0x1a, 0x88, 0x42, 0xf4, 0x00, 0x42, 0x1a, 0x80,
0x00, 0xaf, 0x05, 0x46, 0x0e, 0x46, 0x4f, 0xea, 0x50, 0x38, 0x0b, 0x1f, 0x02, 0x1f, 0x01, 0xf1,
0xfc, 0x04, 0x02, 0xe0, 0xa3, 0x42, 0x00, 0xf0, 0x97, 0x80, 0x53, 0xf8, 0x04, 0x0f, 0x52, 0xf8,
0x04, 0x1f, 0x88, 0x42, 0xf6, 0xd0, 0xdf, 0xf8, 0x3c, 0xa1, 0x1a, 0xf8, 0x08, 0x30, 0x00, 0x2b,
0x50, 0xd1, 0x25, 0xf4, 0xff, 0x53, 0x4c, 0x49, 0x23, 0xf0, 0x1f, 0x03, 0x3b, 0x61, 0x4f, 0xea,
0x48, 0x13, 0x7b, 0x60, 0x01, 0xeb, 0x48, 0x13, 0xbb, 0x60, 0x20, 0x31, 0x13, 0xf8, 0x01, 0x2b,
0x01, 0xeb, 0x48, 0x11, 0x8b, 0x42, 0x05, 0xd0, 0x00, 0x2a, 0x4a, 0xd1, 0x13, 0xf8, 0x01, 0x2b,
0x8b, 0x42, 0xf9, 0xd1, 0xc7, 0xf8, 0x14, 0xd0, 0xad, 0xf5, 0x00, 0x5d, 0xc7, 0xf8, 0x0c, 0xd0,
0x00, 0x2a, 0x49, 0xd1, 0x3a, 0x49, 0x4b, 0x8a, 0xdc, 0x07, 0xfc, 0xd5, 0x4a, 0xf2, 0x01, 0x53,
0x4d, 0x61, 0x8b, 0x80, 0x36, 0x49, 0x4b, 0x8a, 0xd8, 0x07, 0xfc, 0xd5, 0x01, 0x23, 0x0a, 0xf8,
0x08, 0x30, 0xea, 0xb1, 0xbb, 0x68, 0xd7, 0xf8, 0x10, 0x80, 0xd7, 0xf8, 0x04, 0xa0, 0x5c, 0x1e,
0xfb, 0x68, 0xa3, 0xeb, 0x08, 0x09, 0x31, 0x4b, 0x9a, 0x44, 0x03, 0xe0, 0xa2, 0x45, 0x08, 0xf5,
0x80, 0x78, 0x0d, 0xd0, 0x14, 0xf8, 0x01, 0x3f, 0x00, 0x2b, 0xf7, 0xd0, 0x09, 0xeb, 0x08, 0x01,
0x40, 0x46, 0x40, 0x22, 0xff, 0xf7, 0x58, 0xff, 0xa2, 0x45, 0x08, 0xf5, 0x80, 0x78, 0xf1, 0xd1,
0xd7, 0xf8, 0x14, 0xd0, 0x40, 0x22, 0x31, 0x46, 0x28, 0x46, 0xff, 0xf7, 0x4d, 0xff, 0x20, 0x4a,
0x53, 0x8a, 0xdb, 0x07, 0xfc, 0xd5, 0x1c, 0x37, 0xbd, 0x46, 0xbd, 0xe8, 0xf0, 0x8f, 0x8b, 0x42,
0x04, 0xd0, 0x5a, 0x1c, 0x8a, 0x42, 0x03, 0xf1, 0x02, 0x03, 0xf8, 0xd1, 0xc7, 0xf8, 0x14, 0xd0,
0xad, 0xf5, 0x00, 0x5d, 0xc7, 0xf8, 0x0c, 0xd0, 0xfa, 0x68, 0xbb, 0x68, 0x39, 0x69, 0x5c, 0x1e,
0x02, 0xf5, 0x00, 0x5b, 0x13, 0x46, 0xa1, 0xeb, 0x02, 0x09, 0x03, 0xe0, 0x03, 0xf5, 0x80, 0x73,
0x5b, 0x45, 0x0f, 0xd0, 0x14, 0xf8, 0x01, 0x2f, 0x00, 0x2a, 0xf7, 0xd0, 0x09, 0xeb, 0x03, 0x01,
0x18, 0x46, 0x4f, 0xf4, 0x80, 0x72, 0x01, 0xf0, 0xe5, 0xfe, 0x03, 0x46, 0x03, 0xf5, 0x80, 0x73,
0x5b, 0x45, 0xef, 0xd1, 0x01, 0x22, 0x95, 0xe7, 0x07, 0x4b, 0xc5, 0xf3, 0x04, 0x25, 0x03, 0xeb,
0x48, 0x18, 0x1c, 0x37, 0x01, 0x23, 0x08, 0xf8, 0x05, 0x30, 0xbd, 0x46, 0xbd, 0xe8, 0xf0, 0x8f,
0x00, 0x40, 0x00, 0x41, 0xd0, 0x01, 0x00, 0x20, 0x10, 0x02, 0x00, 0x20, 0x2f, 0x02, 0x00, 0x20,
0x10, 0xb4, 0x2c, 0x49, 0x2c, 0x4a, 0x0b, 0x88, 0x43, 0xf0, 0x04, 0x03, 0x0b, 0x80, 0x13, 0x78,
0x43, 0xf0, 0x01, 0x03, 0x13, 0x70, 0x53, 0x68, 0xdb, 0x07, 0xfc, 0xd4, 0x40, 0xf6, 0x04, 0x13,
0x25, 0x48, 0x13, 0x62, 0x43, 0x68, 0x5c, 0x07, 0xc3, 0xf3, 0x80, 0x01, 0xfa, 0xd4, 0x23, 0x4a,
0x23, 0x4b, 0x11, 0x77, 0x93, 0x62, 0x92, 0xf8, 0x2c, 0x30, 0xd9, 0x06, 0xc3, 0xf3, 0x00, 0x10,
0xf9, 0xd4, 0x1e, 0x49, 0x82, 0xf8, 0x20, 0x00, 0x91, 0xf8, 0x2c, 0x30, 0x5b, 0x07, 0xfb, 0xd4,
0x0b, 0x7f, 0x1a, 0x4a, 0x43, 0xf0, 0x02, 0x03, 0x0b, 0x77, 0x92, 0xf8, 0x2c, 0x30, 0x9c, 0x07,
0xfb, 0xd4, 0x53, 0x6a, 0x15, 0x49, 0x53, 0x62, 0x91, 0xf8, 0x2c, 0x30, 0x18, 0x07, 0xfb, 0xd4,
0x98, 0x23, 0x12, 0x4a, 0x81, 0xf8, 0x20, 0x30, 0x13, 0x69, 0xd9, 0x05, 0xfc, 0xd5, 0x0e, 0x4a,
0x40, 0xf6, 0x06, 0x33, 0x13, 0x62, 0x53, 0x68, 0xc3, 0xf3, 0x80, 0x01, 0x5b, 0x07, 0xfa, 0xd4,
0x0c, 0x48, 0x0d, 0x4a, 0x4f, 0xf0, 0xe0, 0x23, 0x01, 0x24, 0x44, 0x71, 0x40, 0xf2, 0xe7, 0x34,
0xe0, 0x20, 0x5c, 0x61, 0x82, 0xf8, 0x23, 0x00, 0x07, 0x22, 0x99, 0x61, 0x1a, 0x61, 0x10, 0xbc,
0x70, 0x47, 0x00, 0xbf, 0x00, 0x40, 0x00, 0x41, 0x00, 0x1c, 0x00, 0x40, 0x00, 0x10, 0x00, 0x40,
0x80, 0xbb, 0x01, 0x04, 0x00, 0x08, 0x00, 0x40, 0x00, 0xed, 0x00, 0xe0, 0x00, 0xf0, 0xd6, 0xb8,
0xfe, 0xe7, 0x00, 0xbf, 0x11, 0x49, 0x12, 0x48, 0x81, 0x42, 0x08, 0xb5, 0x09, 0xd0, 0x11, 0x4a,
0x90, 0x42, 0x06, 0xd2, 0x01, 0x3a, 0x12, 0x1a, 0x22, 0xf0, 0x03, 0x02, 0x04, 0x32, 0x01, 0xf0,
0x51, 0xfe, 0x0d, 0x48, 0x0d, 0x4a, 0x90, 0x42, 0x07, 0xd2, 0x01, 0x3a, 0x12, 0x1a, 0x22, 0xf0,
0x03, 0x02, 0x04, 0x32, 0x00, 0x21, 0x01, 0xf0, 0x53, 0xfe, 0x09, 0x4b, 0x09, 0x4a, 0x23, 0xf0,
0x7f, 0x03, 0x93, 0x60, 0x00, 0xf0, 0x66, 0xff, 0xfe, 0xe7, 0x00, 0xbf, 0x70, 0x24, 0x00, 0x00,
0x00, 0x00, 0x00, 0x20, 0xd0, 0x01, 0x00, 0x20, 0xd0, 0x01, 0x00, 0x20, 0x9c, 0x16, 0x00, 0x20,
0x00, 0x00, 0x00, 0x00, 0x00, 0xed, 0x00, 0xe0, 0xf0, 0xb5, 0x14, 0x4d, 0x06, 0x46, 0x68, 0x88,
0x0f, 0x46, 0xd8, 0xb9, 0xa9, 0x1e, 0x05, 0xf5, 0xff, 0x74, 0x41, 0xf2, 0x21, 0x0e, 0x02, 0x46,
0x08, 0x23, 0x12, 0xf4, 0x00, 0x4f, 0x03, 0xf1, 0xff, 0x33, 0x8e, 0xea, 0x42, 0x0c, 0x9b, 0xb2,
0x0a, 0xbf, 0x52, 0x00, 0x1f, 0xfa, 0x8c, 0xf2, 0x92, 0xb2, 0x00, 0x2b, 0xf1, 0xd1, 0x21, 0xf8,
0x02, 0x2f, 0x00, 0xf5, 0x80, 0x70, 0xa1, 0x42, 0x80, 0xb2, 0xe8, 0xd1, 0x86, 0xea, 0x17, 0x23,
0x35, 0xf8, 0x13, 0x00, 0x80, 0xea, 0x07, 0x20, 0x80, 0xb2, 0xf0, 0xbd, 0x10, 0x0a, 0x00, 0x20,
0xbf, 0xf3, 0x4f, 0x8f, 0x04, 0x49, 0x05, 0x4b, 0xca, 0x68, 0x02, 0xf4, 0xe0, 0x62, 0x13, 0x43,
0xcb, 0x60, 0xbf, 0xf3, 0x4f, 0x8f, 0xfe, 0xe7, 0x00, 0xed, 0x00, 0xe0, 0x04, 0x00, 0xfa, 0x05,
0x08, 0x4a, 0x11, 0x78, 0x41, 0xf6, 0xd1, 0x03, 0x41, 0xf6, 0xaa, 0x22, 0x00, 0x29, 0x08, 0xbf,
0x13, 0x46, 0x03, 0xfb, 0x00, 0xf0, 0x01, 0x28, 0x03, 0xd9, 0x01, 0x23, 0x01, 0x33, 0x98, 0x42,
0xfc, 0xd1, 0x70, 0x47, 0x10, 0x0c, 0x00, 0x20, 0x10, 0xb4, 0x84, 0x46, 0x1c, 0x24, 0x00, 0x20,
0x09, 0xe0, 0x73, 0xb9, 0x04, 0xb1, 0x18, 0xb1, 0x30, 0x33, 0x0c, 0xf8, 0x00, 0x30, 0x01, 0x30,
0x04, 0x3c, 0x23, 0x1d, 0x09, 0xd0, 0x21, 0xfa, 0x04, 0xf3, 0x03, 0xf0, 0x0f, 0x03, 0x00, 0x2a,
0xef, 0xd0, 0x09, 0x2b, 0xf0, 0xdd, 0x37, 0x33, 0xef, 0xe7, 0x10, 0xbc, 0x70, 0x47, 0x00, 0xbf,
0x08, 0xb5, 0x03, 0x4b, 0x03, 0x4a, 0xc3, 0xf8, 0xfc, 0x2f, 0xff, 0xf7, 0xb9, 0xff, 0x00, 0xbf,
0x00, 0xf0, 0x02, 0x20, 0xef, 0x69, 0x26, 0xf0, 0x38, 0xb5, 0x0b, 0x4a, 0x13, 0x68, 0x63, 0xb9,
0x0a, 0x48, 0x0b, 0x4d, 0x01, 0x68, 0x4f, 0xf4, 0xfa, 0x64, 0x14, 0x60, 0x2c, 0x68, 0x01, 0x31,
0x01, 0x60, 0x0c, 0xb1, 0xa1, 0x42, 0x03, 0xd2, 0x38, 0xbd, 0x01, 0x3b, 0x13, 0x60, 0x38, 0xbd,
0x2b, 0x60, 0xff, 0xf7, 0xdd, 0xff, 0x00, 0xbf, 0x24, 0x0c, 0x00, 0x20, 0x20, 0x0c, 0x00, 0x20,
0x18, 0x0c, 0x00, 0x20, 0x08, 0xb5, 0x03, 0x4b, 0x03, 0x4a, 0xc3, 0xf8, 0xfc, 0x2f, 0xff, 0xf7,
0x8f, 0xff, 0x00, 0xbf, 0x00, 0xf0, 0x02, 0x20, 0xef, 0x69, 0x16, 0xf0, 0x23, 0x49, 0x24, 0x4a,
0x24, 0x48, 0x0b, 0x68, 0x4f, 0xf0, 0x01, 0x0c, 0x82, 0xf8, 0x00, 0xc0, 0x02, 0x68, 0x63, 0x44,
0x0b, 0x60, 0x42, 0xb1, 0xa2, 0xf5, 0x7a, 0x71, 0x8b, 0x42, 0x22, 0xd0, 0x93, 0x42, 0x04, 0xbf,
0x00, 0x23, 0x03, 0x60, 0x70, 0x47, 0x13, 0xf0, 0xff, 0x03, 0x10, 0xd1, 0x1a, 0x4b, 0x1b, 0x49,
0x4f, 0xf4, 0x00, 0x02, 0xc3, 0xf8, 0x98, 0x20, 0x0b, 0x78, 0xa3, 0xf1, 0x0a, 0x02, 0xd2, 0xb2,
0xf0, 0x2a, 0x1a, 0xd8, 0x16, 0x4a, 0x12, 0x78, 0x13, 0x44, 0x0b, 0x70, 0x70, 0x47, 0x13, 0x4a,
0x12, 0x78, 0x9a, 0x42, 0xe6, 0xd1, 0x10, 0x4b, 0x4f, 0xf4, 0x00, 0x02, 0xc3, 0xf8, 0x94, 0x20,
0x70, 0x47, 0x0d, 0x49, 0x10, 0xb4, 0x93, 0x42, 0x4f, 0xf4, 0x00, 0x04, 0xc1, 0xf8, 0x98, 0x40,
0x01, 0xd1, 0x00, 0x23, 0x03, 0x60, 0x10, 0xbc, 0x70, 0x47, 0x09, 0x48, 0x02, 0x78, 0x52, 0x42,
0xd2, 0xb2, 0x13, 0x44, 0x02, 0x70, 0x0b, 0x70, 0x70, 0x47, 0x00, 0xbf, 0x14, 0x0c, 0x00, 0x20,
0x10, 0x0c, 0x00, 0x20, 0x1c, 0x0c, 0x00, 0x20, 0x00, 0x80, 0x00, 0x41, 0x01, 0x00, 0x00, 0x20,
0x00, 0x00, 0x00, 0x20, 0x07, 0x4b, 0x08, 0x4a, 0x1b, 0x68, 0x11, 0x68, 0x99, 0x42, 0x07, 0xd2,
0x06, 0x49, 0x03, 0xf5, 0xfa, 0x63, 0x4f, 0xf4, 0x00, 0x00, 0x13, 0x60, 0xc1, 0xf8, 0x94, 0x00,
0x70, 0x47, 0x00, 0xbf, 0x14, 0x0c, 0x00, 0x20, 0x1c, 0x0c, 0x00, 0x20, 0x00, 0x80, 0x00, 0x41,
0x03, 0x4b, 0x4f, 0xf4, 0x00, 0x02, 0xc3, 0xf8, 0x88, 0x20, 0xc3, 0xf8, 0x98, 0x20, 0x70, 0x47,
0x00, 0x80, 0x00, 0x41, 0x70, 0x47, 0x00, 0xbf, 0x38, 0xb5, 0x4f, 0xf0, 0x82, 0x42, 0x19, 0x4b,
0x54, 0x6a, 0x1d, 0x88, 0x63, 0x69, 0xc3, 0xf3, 0x02, 0x73, 0x8d, 0x42, 0x03, 0xf1, 0x03, 0x03,
0x4f, 0xf0, 0x01, 0x02, 0x28, 0xbf, 0x0d, 0x46, 0x02, 0xfa, 0x03, 0xf3, 0x9d, 0x42, 0x01, 0x46,
0x19, 0xd3, 0x63, 0x69, 0x43, 0xf0, 0x00, 0x43, 0x63, 0x61, 0x21, 0x61, 0x63, 0x69, 0x65, 0xf3,
0x0d, 0x03, 0x63, 0x61, 0x63, 0x69, 0x4f, 0xf0, 0x82, 0x40, 0x02, 0x21, 0x6f, 0xf3, 0x9b, 0x33,
0x80, 0x22, 0x63, 0x61, 0x80, 0xf8, 0x07, 0x11, 0x80, 0xf8, 0x05, 0x21, 0x90, 0xf8, 0x07, 0x31,
0x9b, 0x07, 0xfb, 0xd5, 0x38, 0xbd, 0x04, 0x48, 0x2a, 0x46, 0x01, 0xf0, 0xe3, 0xfc, 0x02, 0x49,
0xe3, 0xe7, 0x00, 0xbf, 0xb4, 0x0f, 0x00, 0x20, 0x74, 0x0c, 0x00, 0x20, 0x10, 0xb4, 0x41, 0x4b,
0x41, 0x4a, 0x93, 0xf8, 0x58, 0x00, 0x41, 0x49, 0x40, 0xf0, 0x01, 0x00, 0x83, 0xf8, 0x58, 0x00,
0x93, 0xf8, 0x3c, 0x00, 0x00, 0xf0, 0xf0, 0x00, 0x83, 0xf8, 0x3c, 0x00, 0x93, 0xf8, 0x3c, 0x00,
0x40, 0xf0, 0x07, 0x00, 0x83, 0xf8, 0x3c, 0x00, 0x93, 0xf8, 0x59, 0x00, 0x40, 0xf0, 0x01, 0x00,
0x83, 0xf8, 0x59, 0x00, 0x93, 0xf8, 0x3c, 0x00, 0x00, 0xf0, 0x0f, 0x00, 0x83, 0xf8, 0x3c, 0x00,
0x93, 0xf8, 0x3c, 0x00, 0x40, 0x24, 0x40, 0xf0, 0x70, 0x00, 0x83, 0xf8, 0x3c, 0x00, 0xc2, 0xf8,
0xa8, 0x40, 0x0b, 0x69, 0x43, 0xf4, 0x80, 0x63, 0x0b, 0x61, 0x8b, 0x69, 0x43, 0xf0, 0x01, 0x03,
0x8b, 0x61, 0x53, 0x68, 0x5b, 0x07, 0xfc, 0xd4, 0x4f, 0xf0, 0x82, 0x43, 0x1a, 0x78, 0x42, 0xf0,
0x01, 0x02, 0x1a, 0x70, 0x99, 0x78, 0x11, 0xf0, 0x01, 0x01, 0xfb, 0xd1, 0x4f, 0xf4, 0x00, 0x02,
0x4f, 0xf0, 0x82, 0x43, 0xd2, 0xf8, 0x84, 0x20, 0xb3, 0xf8, 0x28, 0xc0, 0x02, 0xf0, 0x1f, 0x00,
0x1f, 0x28, 0x08, 0xbf, 0x05, 0x20, 0x60, 0xf3, 0x8a, 0x1c, 0xa3, 0xf8, 0x28, 0xc0, 0xc2, 0xf3,
0x44, 0x10, 0xb3, 0xf8, 0x28, 0xc0, 0x1f, 0x28, 0x08, 0xbf, 0x1d, 0x20, 0x60, 0xf3, 0x04, 0x0c,
0xa3, 0xf8, 0x28, 0xc0, 0xc2, 0xf3, 0x82, 0x22, 0x18, 0x8d, 0x07, 0x2a, 0x08, 0xbf, 0x03, 0x22,
0x62, 0xf3, 0x0e, 0x30, 0x18, 0x85, 0x1a, 0x78, 0x11, 0x48, 0x61, 0xf3, 0xc7, 0x12, 0x1a, 0x70,
0x1a, 0x78, 0x42, 0xf0, 0x04, 0x02, 0x1a, 0x70, 0x58, 0x62, 0xb3, 0xf8, 0x08, 0xc0, 0x61, 0xf3,
0x83, 0x0c, 0xa3, 0xf8, 0x08, 0xc0, 0xb3, 0xf8, 0x08, 0xc0, 0x2c, 0xf0, 0x01, 0x0c, 0x4f, 0xea,
0x0c, 0x4c, 0x4f, 0xea, 0x1c, 0x4c, 0xa3, 0xf8, 0x08, 0xc0, 0x10, 0xbc, 0x4f, 0xf4, 0x80, 0x72,
0x01, 0xf0, 0x66, 0xbc, 0x00, 0x80, 0x00, 0x41, 0x00, 0x1c, 0x00, 0x40, 0x00, 0x08, 0x00, 0x40,
0xb4, 0x0e, 0x00, 0x20, 0x2d, 0xe9, 0xf8, 0x43, 0x4f, 0xf0, 0x82, 0x44, 0x07, 0x46, 0xd4, 0xf8,
0x24, 0x80, 0x0e, 0x46, 0x15, 0x46, 0x00, 0x2b, 0x53, 0xd0, 0x1c, 0x46, 0x63, 0x78, 0x22, 0x78,
0x93, 0x42, 0x3a, 0xd3, 0xa2, 0x78, 0x68, 0x01, 0x08, 0xeb, 0x45, 0x13, 0xb2, 0xb9, 0x21, 0x1d,
0x40, 0xf8, 0x08, 0x10, 0x59, 0x68, 0x62, 0xf3, 0x0d, 0x01, 0x59, 0x60, 0x59, 0x68, 0x00, 0xf1,
0x82, 0x45, 0x62, 0xf3, 0x9b, 0x31, 0x59, 0x60, 0x95, 0xf8, 0x04, 0x21, 0x4f, 0xf0, 0x01, 0x0c,
0x42, 0xf0, 0x40, 0x02, 0x85, 0xf8, 0x04, 0x21, 0x84, 0xf8, 0x02, 0xc0, 0x00, 0xf1, 0x82, 0x49,
0x99, 0xf8, 0x07, 0x51, 0x15, 0xf0, 0x01, 0x05, 0x14, 0xd0, 0x5d, 0x68, 0xa3, 0x78, 0xed, 0xb2,
0x02, 0x2b, 0x25, 0x70, 0x2d, 0xd0, 0xb5, 0x42, 0x28, 0xbf, 0x35, 0x46, 0xff, 0xb1, 0x65, 0x70,
0x2a, 0x46, 0x38, 0x46, 0x21, 0x1d, 0x01, 0xf0, 0x0d, 0xfc, 0x01, 0x22, 0x00, 0x23, 0x89, 0xf8,
0x07, 0x21, 0xa3, 0x70, 0x28, 0x46, 0xbd, 0xe8, 0xf8, 0x83, 0xd5, 0x1a, 0xb5, 0x42, 0x28, 0xbf,
0x35, 0x46, 0x00, 0x2f, 0xf6, 0xd0, 0x21, 0x1d, 0x19, 0x44, 0x38, 0x46, 0x2a, 0x46, 0x01, 0xf0,
0xf9, 0xfb, 0x63, 0x78, 0x2b, 0x44, 0x63, 0x70, 0x28, 0x46, 0xbd, 0xe8, 0xf8, 0x83, 0x67, 0x70,
0xe3, 0xe7, 0x07, 0x4c, 0x02, 0xeb, 0x02, 0x13, 0x04, 0xeb, 0x83, 0x04, 0xff, 0xf7, 0x34, 0xfe,
0xa4, 0xe7, 0x50, 0xf8, 0x08, 0x10, 0x2a, 0x46, 0x20, 0x1d, 0x01, 0xf0, 0xe3, 0xfb, 0xca, 0xe7,
0x70, 0x0c, 0x00, 0x20, 0x71, 0xb1, 0xf8, 0xb5, 0x05, 0x46, 0x17, 0x46, 0x1e, 0x46, 0x0c, 0x46,
0x28, 0x46, 0x21, 0x46, 0x33, 0x46, 0x3a, 0x46, 0xff, 0xf7, 0x84, 0xff, 0x24, 0x1a, 0x05, 0x44,
0xf6, 0xd1, 0xf8, 0xbd, 0x70, 0x47, 0x00, 0xbf, 0x70, 0xb5, 0x4f, 0xf0, 0x82, 0x44, 0x0e, 0x46,
0x65, 0x6a, 0x14, 0x46, 0x05, 0xeb, 0x42, 0x15, 0xe3, 0xb1, 0x6b, 0x69, 0x6f, 0xf3, 0xdf, 0x73,
0x6b, 0x61, 0x28, 0x61, 0x6b, 0x69, 0x66, 0xf3, 0x0d, 0x03, 0x6b, 0x61, 0x6b, 0x69, 0x4f, 0xea,
0x44, 0x1c, 0x0c, 0xf1, 0x82, 0x4c, 0x6f, 0xf3, 0x9b, 0x33, 0x6b, 0x61, 0x02, 0x22, 0x80, 0x23,
0x8c, 0xf8, 0x07, 0x21, 0x8c, 0xf8, 0x05, 0x31, 0x9c, 0xf8, 0x07, 0x31, 0x9b, 0x07, 0xfb, 0xd5,
0x30, 0x46, 0x70, 0xbd, 0x6b, 0x69, 0xc3, 0xf3, 0x02, 0x73, 0x03, 0x33, 0x01, 0x22, 0x02, 0xfa,
0x03, 0xf3, 0x8b, 0x42, 0x07, 0xd8, 0x6b, 0x69, 0x22, 0x1f, 0x18, 0xbf, 0x01, 0x22, 0x62, 0xf3,
0xdf, 0x73, 0x6b, 0x61, 0xd5, 0xe7, 0x05, 0x4b, 0x01, 0x46, 0x44, 0x20, 0x00, 0xfb, 0x04, 0x33,
0x04, 0x33, 0x32, 0x46, 0x18, 0x46, 0x01, 0xf0, 0x8d, 0xfb, 0xca, 0xe7, 0x70, 0x0c, 0x00, 0x20,
0x00, 0x23, 0xff, 0xf7, 0xb9, 0xbf, 0x00, 0xbf, 0x4f, 0xf0, 0x82, 0x42, 0x0b, 0x49, 0x53, 0x6a,
0x58, 0x69, 0x19, 0x61, 0x59, 0x69, 0x6f, 0xf3, 0x0d, 0x01, 0x59, 0x61, 0x59, 0x69, 0x4f, 0xf0,
0x02, 0x0c, 0x80, 0x20, 0x6f, 0xf3, 0x9b, 0x31, 0x59, 0x61, 0x82, 0xf8, 0x07, 0xc1, 0x82, 0xf8,
0x05, 0x01, 0x92, 0xf8, 0x07, 0x31, 0x9b, 0x07, 0xfb, 0xd5, 0x70, 0x47, 0x74, 0x0c, 0x00, 0x20,
0x2d, 0xe9, 0xf0, 0x47, 0x4f, 0xf0, 0x82, 0x44, 0x96, 0xb0, 0xff, 0xf7, 0xad, 0xfd, 0xa3, 0x8b,
0x13, 0xf0, 0x08, 0x05, 0x2a, 0xd0, 0x08, 0x20, 0x80, 0x21, 0x11, 0x22, 0xa0, 0x83, 0xb9, 0x4b,
0xa1, 0x72, 0x84, 0xf8, 0x00, 0x21, 0x40, 0x22, 0x84, 0xf8, 0x05, 0x21, 0x84, 0xf8, 0x04, 0x11,
0x59, 0x68, 0x03, 0x25, 0x65, 0xf3, 0x1e, 0x71, 0x59, 0x60, 0x59, 0x69, 0x65, 0xf3, 0x1e, 0x71,
0x59, 0x61, 0xb1, 0x49, 0x19, 0x60, 0xb1, 0x49, 0x19, 0x61, 0x59, 0x68, 0xb0, 0x4d, 0x60, 0xf3,
0x9b, 0x31, 0x59, 0x60, 0x59, 0x68, 0x6f, 0xf3, 0x0d, 0x01, 0x59, 0x60, 0x00, 0x23, 0x18, 0x46,
0x84, 0xf8, 0x04, 0x21, 0x2b, 0x70, 0x16, 0xb0, 0xbd, 0xe8, 0xf0, 0x87, 0x94, 0xf8, 0x07, 0x31,
0xdb, 0x06, 0x07, 0xd4, 0xa6, 0x4b, 0x18, 0x78, 0x00, 0x38, 0x18, 0xbf, 0x01, 0x20, 0x16, 0xb0,
0xbd, 0xe8, 0xf0, 0x87, 0xa3, 0x4f, 0xa4, 0x49, 0xbb, 0x88, 0x10, 0x22, 0x84, 0xf8, 0x07, 0x21,
0x78, 0x89, 0x08, 0x80, 0x40, 0x26, 0x40, 0xf2, 0x02, 0x31, 0x84, 0xf8, 0x04, 0x61, 0x8b, 0x42,
0x97, 0xf8, 0x06, 0x90, 0xb7, 0xf8, 0x06, 0xa0, 0x97, 0xf8, 0x07, 0x80, 0x38, 0x89, 0x00, 0xf0,
0x5f, 0x81, 0x12, 0xdc, 0xb3, 0xf5, 0x81, 0x7f, 0x00, 0xf0, 0x38, 0x81, 0x40, 0xf3, 0xd9, 0x80,
0xb3, 0xf5, 0x30, 0x7f, 0x00, 0xf0, 0x15, 0x81, 0x40, 0xf3, 0xc3, 0x80, 0xb3, 0xf5, 0x40, 0x7f,
0x1e, 0xd1, 0x20, 0x23, 0x84, 0xf8, 0x05, 0x31, 0xcc, 0xe7, 0x40, 0xf6, 0x21, 0x12, 0x93, 0x42,
0x1a, 0xd0, 0x2c, 0xdd, 0x42, 0xf2, 0xa1, 0x12, 0x93, 0x42, 0x00, 0xf0, 0xe0, 0x80, 0x16, 0xdd,
0x42, 0xf2, 0x21, 0x22, 0x93, 0x42, 0x0f, 0xd0, 0x4f, 0xf6, 0xa1, 0x62, 0x93, 0x42, 0x18, 0xd1,
0x00, 0x23, 0x01, 0x21, 0x04, 0xa8, 0xad, 0xf8, 0x10, 0x30, 0xff, 0xf7, 0xcd, 0xfd, 0xb1, 0xe7,
0x40, 0xf2, 0x01, 0x32, 0x93, 0x42, 0x0c, 0xd1, 0xff, 0xf7, 0x56, 0xff, 0xaa, 0xe7, 0x42, 0xf2,
0x21, 0x02, 0x93, 0x42, 0xf8, 0xd0, 0x23, 0xf4, 0x80, 0x73, 0x40, 0xf6, 0x21, 0x22, 0x93, 0x42,
0xf2, 0xd0, 0x4f, 0xf0, 0x82, 0x43, 0x20, 0x22, 0x83, 0xf8, 0x05, 0x21, 0x9a, 0xe7, 0x40, 0xf2,
0x81, 0x62, 0x93, 0x42, 0x14, 0xdc, 0xb3, 0xf5, 0xd0, 0x6f, 0x80, 0xf2, 0xb5, 0x80, 0x40, 0xf2,
0xa1, 0x32, 0x93, 0x42, 0x00, 0xf0, 0x85, 0x80, 0xb3, 0xf5, 0xa0, 0x6f, 0xe9, 0xd1, 0xff, 0xf7,
0x33, 0xff, 0x6a, 0xf0, 0x7f, 0x03, 0x4f, 0xf0, 0x82, 0x42, 0xdb, 0xb2, 0x93, 0x72, 0x81, 0xe7,
0xb3, 0xf5, 0x08, 0x6f, 0x00, 0xf0, 0x0f, 0x81, 0xb3, 0xf5, 0x10, 0x6f, 0xd9, 0xd1, 0x64, 0x4b,
0x83, 0xf8, 0x00, 0xa0, 0xff, 0xf7, 0x20, 0xff, 0x5e, 0x4b, 0x03, 0x22, 0x84, 0xf8, 0x40, 0x21,
0x59, 0x6c, 0x62, 0xf3, 0x1e, 0x71, 0x59, 0x64, 0x30, 0x27, 0x60, 0x49, 0x84, 0xf8, 0x45, 0x61,
0x19, 0x64, 0x84, 0xf8, 0x20, 0x71, 0x58, 0x6b, 0x62, 0xf3, 0x1e, 0x70, 0x58, 0x63, 0xa1, 0xf1,
0x44, 0x0c, 0x80, 0x20, 0x84, 0xf8, 0x24, 0x01, 0xc3, 0xf8, 0x30, 0xc0, 0x84, 0xf8, 0x60, 0x61,
0xd3, 0xf8, 0x74, 0xc0, 0x65, 0xf3, 0x1e, 0x7c, 0xc3, 0xf8, 0x74, 0xc0, 0x84, 0xf8, 0x64, 0x01,
0x84, 0xf8, 0xa0, 0x21, 0xd3, 0xf8, 0xa4, 0x50, 0x62, 0xf3, 0x1e, 0x75, 0xc3, 0xf8, 0xa4, 0x50,
0x01, 0xf1, 0xcc, 0x05, 0x84, 0xf8, 0xa5, 0x61, 0xc3, 0xf8, 0xa0, 0x50, 0x84, 0xf8, 0x80, 0x71,
0xd3, 0xf8, 0x94, 0x50, 0x88, 0x31, 0x62, 0xf3, 0x1e, 0x75, 0xc3, 0xf8, 0x94, 0x50, 0x84, 0xf8,
0x84, 0x01, 0xc3, 0xf8, 0x90, 0x10, 0x44, 0x21, 0x84, 0xf8, 0xc0, 0x11, 0x84, 0xf8, 0xc4, 0x61,
0x84, 0xf8, 0xc4, 0x01, 0xd3, 0xf8, 0xc4, 0x50, 0x62, 0xf3, 0x1e, 0x75, 0xc3, 0xf8, 0xc4, 0x50,
0xd3, 0xf8, 0xd4, 0x50, 0x62, 0xf3, 0x1e, 0x75, 0xc3, 0xf8, 0xd4, 0x50, 0x84, 0xf8, 0xe0, 0x11,
0x84, 0xf8, 0xe4, 0x61, 0x84, 0xf8, 0xe4, 0x01, 0xd3, 0xf8, 0xe4, 0x10, 0x62, 0xf3, 0x1e, 0x71,
0xc3, 0xf8, 0xe4, 0x10, 0xd3, 0xf8, 0xf4, 0x10, 0x62, 0xf3, 0x1e, 0x71, 0xc3, 0xf8, 0xf4, 0x10,
0x10, 0xe7, 0xb3, 0xf5, 0xe0, 0x7f, 0x3f, 0xf4, 0x3c, 0xaf, 0x40, 0xf2, 0xa1, 0x22, 0x93, 0x42,
0x15, 0xd1, 0x00, 0x23, 0x08, 0x21, 0x04, 0xa8, 0xcd, 0xe9, 0x04, 0x33, 0xff, 0xf7, 0x1c, 0xfd,
0x00, 0xe7, 0x82, 0x2b, 0x00, 0xf0, 0x94, 0x80, 0x0e, 0xdd, 0xb3, 0xf5, 0x80, 0x7f, 0x3f, 0xf4,
0x28, 0xaf, 0x40, 0xf2, 0x01, 0x12, 0x93, 0x42, 0x3f, 0xf4, 0x46, 0xaf, 0x51, 0xe7, 0x40, 0xf2,
0xa1, 0x12, 0x93, 0x42, 0xe5, 0xd0, 0x4c, 0xe7, 0x80, 0x3b, 0x01, 0x2b, 0x3f, 0xf6, 0x49, 0xaf,
0x02, 0x21, 0x04, 0xa8, 0xad, 0xf8, 0x10, 0x50, 0xff, 0xf7, 0xfe, 0xfc, 0xe2, 0xe6, 0x1c, 0x48,
0x08, 0x21, 0xff, 0xf7, 0xf9, 0xfc, 0xdd, 0xe6, 0xba, 0xf5, 0x80, 0x7f, 0x00, 0xf0, 0xa7, 0x80,
0xba, 0xf5, 0x00, 0x7f, 0x00, 0xf0, 0xa8, 0x80, 0xb8, 0xf1, 0x03, 0x0f, 0x00, 0xf0, 0x82, 0x80,
0xb8, 0xf1, 0x0f, 0x0f, 0x00, 0xf0, 0xa5, 0x80, 0xb8, 0xf1, 0x21, 0x0f, 0x00, 0xf0, 0xa6, 0x80,
0xb8, 0xf1, 0x22, 0x0f, 0x7f, 0xf4, 0x25, 0xaf, 0x0e, 0x48, 0x21, 0x21, 0xff, 0xf7, 0xdc, 0xfc,
0xc0, 0xe6, 0x07, 0x28, 0x7f, 0xf4, 0xed, 0xae, 0x0b, 0x48, 0xaa, 0x21, 0xff, 0xf7, 0xd4, 0xfc,
0xb8, 0xe6, 0x00, 0xbf, 0xb4, 0x0e, 0x00, 0x20, 0x2c, 0x0c, 0x00, 0x20, 0x74, 0x0c, 0x00, 0x20,
0x6c, 0x0c, 0x00, 0x20, 0x28, 0x0c, 0x00, 0x20, 0xb4, 0x0f, 0x00, 0x20, 0xfc, 0x0c, 0x00, 0x20,
0xe8, 0x00, 0x00, 0x20, 0xb0, 0x22, 0x00, 0x00, 0xf0, 0x00, 0x00, 0x20, 0x10, 0xf0, 0x0f, 0x03,
0x3f, 0xf4, 0xff, 0xae, 0x00, 0xf0, 0x08, 0x01, 0x5a, 0xea, 0x01, 0x01, 0x7f, 0xf4, 0xf9, 0xae,
0x5b, 0x01, 0x05, 0x06, 0x03, 0xf1, 0x82, 0x43, 0x75, 0xd4, 0x93, 0xf8, 0x06, 0x11, 0xc9, 0x06,
0x7f, 0xf5, 0xe2, 0xae, 0x83, 0xf8, 0x04, 0x21, 0x93, 0xf8, 0x07, 0x21, 0x92, 0x06, 0x7f, 0xf5,
0xdb, 0xae, 0x20, 0x21, 0x01, 0x22, 0x83, 0xf8, 0x07, 0x11, 0x83, 0xf8, 0x04, 0x21, 0xd3, 0xe6,
0x10, 0xf0, 0x0f, 0x03, 0x3f, 0xf4, 0xdd, 0xae, 0x00, 0xf0, 0x08, 0x01, 0x5a, 0xea, 0x01, 0x01,
0x7f, 0xf4, 0xd7, 0xae, 0x5b, 0x01, 0x03, 0xf1, 0x82, 0x43, 0x06, 0x06, 0x48, 0xbf, 0x20, 0x22,
0x83, 0xf8, 0x05, 0x21, 0xc0, 0xe6, 0x49, 0x48, 0x01, 0x21, 0xff, 0xf7, 0x85, 0xfc, 0x69, 0xe6,
0x07, 0x07, 0x3f, 0xf5, 0x96, 0xae, 0x00, 0xf0, 0x0f, 0x03, 0x5b, 0x01, 0x03, 0xf1, 0x82, 0x43,
0x03, 0xf5, 0x80, 0x73, 0x10, 0xf0, 0x50, 0x0f, 0x9b, 0x79, 0x4f, 0xf0, 0x02, 0x01, 0x14, 0xbf,
0xc3, 0xf3, 0x40, 0x13, 0xc3, 0xf3, 0x00, 0x13, 0x04, 0xa8, 0xad, 0xf8, 0x10, 0x30, 0xff, 0xf7,
0x6b, 0xfc, 0x4f, 0xe6, 0xb9, 0xf1, 0x03, 0x0f, 0x3f, 0xf6, 0xab, 0xae, 0x04, 0xad, 0x48, 0x22,
0x00, 0x21, 0x28, 0x46, 0x01, 0xf0, 0x84, 0xf9, 0x8d, 0xf8, 0x11, 0x80, 0xb9, 0xf1, 0x00, 0x0f,
0x35, 0xd1, 0x04, 0x23, 0x09, 0x22, 0x8d, 0xf8, 0x10, 0x30, 0x8d, 0xf8, 0x12, 0x20, 0x8d, 0xf8,
0x13, 0x30, 0x9d, 0xf8, 0x10, 0x10, 0x28, 0x46, 0xff, 0xf7, 0x4e, 0xfc, 0x32, 0xe6, 0x2c, 0x48,
0x12, 0x21, 0xff, 0xf7, 0x49, 0xfc, 0x2d, 0xe6, 0x2a, 0x48, 0x99, 0x21, 0xff, 0xf7, 0x44, 0xfc,
0x28, 0xe6, 0x29, 0x48, 0x39, 0x21, 0xff, 0xf7, 0x3f, 0xfc, 0x23, 0xe6, 0x27, 0x48, 0x09, 0x21,
0xff, 0xf7, 0x3a, 0xfc, 0x1e, 0xe6, 0x93, 0xf8, 0x06, 0x21, 0x94, 0x06, 0x7f, 0xf5, 0x6c, 0xae,
0x20, 0x22, 0x83, 0xf8, 0x04, 0x21, 0x93, 0xf8, 0x07, 0x21, 0x50, 0x06, 0x7f, 0xf5, 0x64, 0xae,
0x40, 0x21, 0x02, 0x22, 0x83, 0xf8, 0x07, 0x11, 0x83, 0xf8, 0x04, 0x21, 0x5c, 0xe6, 0x1c, 0x4b,
0xdf, 0xf8, 0x70, 0x90, 0x0f, 0xcb, 0x6c, 0x46, 0x84, 0xe8, 0x0f, 0x00, 0xa0, 0x46, 0x00, 0x26,
0x58, 0xf8, 0x04, 0x3b, 0x09, 0xeb, 0x06, 0x00, 0x19, 0x68, 0x01, 0x22, 0xff, 0xf7, 0x4c, 0xfb,
0xa8, 0x45, 0x06, 0x44, 0xf4, 0xd1, 0x00, 0x23, 0xba, 0x79, 0x09, 0xf8, 0x06, 0x30, 0x12, 0x4b,
0x53, 0xf8, 0x22, 0x40, 0x20, 0x46, 0x01, 0xf0, 0x33, 0xf9, 0x43, 0x1c, 0x5b, 0x00, 0x8d, 0xf8,
0x10, 0x30, 0x22, 0x78, 0x00, 0x2a, 0xac, 0xd0, 0x29, 0x46, 0x23, 0x46, 0x01, 0xf8, 0x02, 0x2f,
0x13, 0xf8, 0x01, 0x2f, 0x00, 0x2a, 0xf9, 0xd1, 0xa3, 0xe7, 0x00, 0xbf, 0x6c, 0x0c, 0x00, 0x20,
0x9c, 0x22, 0x00, 0x00, 0x40, 0x00, 0x00, 0x20, 0x04, 0x00, 0x00, 0x20, 0xdc, 0x00, 0x00, 0x20,
0x8c, 0x22, 0x00, 0x00, 0x90, 0x0e, 0x00, 0x20, 0xd4, 0x22, 0x00, 0x00, 0x08, 0xb5, 0xff, 0xf7,
0x1d, 0xfc, 0x05, 0x4b, 0x4f, 0xf0, 0x82, 0x42, 0x00, 0x21, 0x19, 0x70, 0x13, 0x78, 0x43, 0xf0,
0x02, 0x03, 0x13, 0x70, 0x08, 0xbd, 0x00, 0xbf, 0x6c, 0x0c, 0x00, 0x20, 0x38, 0xb5, 0x4f, 0xf0,
0x82, 0x43, 0x01, 0x22, 0x5c, 0x6a, 0x63, 0x6b, 0xc3, 0xf3, 0x02, 0x73, 0x03, 0x33, 0x0d, 0x46,
0x02, 0xfa, 0x03, 0xf3, 0x9d, 0x42, 0x04, 0xf1, 0x20, 0x04, 0x01, 0x46, 0x1a, 0xd3, 0x63, 0x69,
0x43, 0xf0, 0x00, 0x43, 0x63, 0x61, 0x21, 0x61, 0x63, 0x69, 0x65, 0xf3, 0x0d, 0x03, 0x63, 0x61,
0x63, 0x69, 0x4f, 0xf0, 0x82, 0x4c, 0x6f, 0xf3, 0x9b, 0x33, 0x63, 0x61, 0x02, 0x22, 0x80, 0x23,
0x8c, 0xf8, 0x27, 0x21, 0x8c, 0xf8, 0x25, 0x31, 0x9c, 0xf8, 0x27, 0x31, 0x9b, 0x07, 0xfb, 0xd5,
0x28, 0x46, 0x38, 0xbd, 0x02, 0x48, 0x2a, 0x46, 0x01, 0xf0, 0xbc, 0xf8, 0x00, 0x49, 0xe2, 0xe7,
0xb8, 0x0c, 0x00, 0x20, 0x38, 0xb5, 0x4f, 0xf0, 0x82, 0x43, 0x01, 0x22, 0x5c, 0x6a, 0x63, 0x6b,
0xc3, 0xf3, 0x02, 0x73, 0x03, 0x33, 0x0d, 0x46, 0x02, 0xfa, 0x03, 0xf3, 0x9d, 0x42, 0x04, 0xf1,
0x20, 0x04, 0x01, 0x46, 0x1a, 0xd3, 0x63, 0x69, 0x43, 0xf0, 0x00, 0x43, 0x63, 0x61, 0x21, 0x61,
0x63, 0x69, 0x65, 0xf3, 0x0d, 0x03, 0x63, 0x61, 0x63, 0x69, 0x4f, 0xf0, 0x82, 0x4c, 0x6f, 0xf3,
0x9b, 0x33, 0x63, 0x61, 0x02, 0x22, 0x80, 0x23, 0x8c, 0xf8, 0x27, 0x21, 0x8c, 0xf8, 0x25, 0x31,
0x9c, 0xf8, 0x27, 0x31, 0x9b, 0x07, 0xfb, 0xd5, 0x28, 0x46, 0x38, 0xbd, 0x02, 0x48, 0x2a, 0x46,
0x01, 0xf0, 0x88, 0xf8, 0x00, 0x49, 0xe2, 0xe7, 0xb8, 0x0c, 0x00, 0x20, 0x70, 0xb5, 0x04, 0x46,
0x0d, 0x46, 0xff, 0xf7, 0x15, 0xfd, 0x00, 0xb9, 0x70, 0xbd, 0x29, 0x46, 0x20, 0x46, 0x00, 0x23,
0xbd, 0xe8, 0x70, 0x40, 0x02, 0x22, 0xff, 0xf7, 0x25, 0xbc, 0x00, 0xbf, 0x70, 0xb5, 0x05, 0x46,
0x0e, 0x46, 0xff, 0xf7, 0x05, 0xfd, 0x00, 0xb9, 0x70, 0xbd, 0x4e, 0xb1, 0x34, 0x46, 0x28, 0x46,
0x21, 0x46, 0x00, 0x23, 0x02, 0x22, 0xff, 0xf7, 0x15, 0xfc, 0x24, 0x1a, 0x05, 0x44, 0xf6, 0xd1,
0x30, 0x46, 0x70, 0xbd, 0x00, 0x2a, 0x0f, 0xdd, 0x02, 0x44, 0x05, 0xe0, 0x00, 0xf8, 0x01, 0x3b,
0x82, 0x42, 0x01, 0xf1, 0x01, 0x01, 0x07, 0xd0, 0x0b, 0x78, 0x00, 0x2b, 0xf6, 0xd1, 0x20, 0x23,
0x00, 0xf8, 0x01, 0x3b, 0x82, 0x42, 0xf7, 0xd1, 0x70, 0x47, 0x00, 0xbf, 0x2d, 0xe9, 0xf8, 0x43,
0x0d, 0x46, 0x04, 0x46, 0x4f, 0xf4, 0x00, 0x72, 0x00, 0x21, 0x28, 0x46, 0x01, 0xf0, 0x50, 0xf8,
0x34, 0xbb, 0x6c, 0x4c, 0xae, 0x46, 0x04, 0xf1, 0x30, 0x06, 0xa4, 0x46, 0xbc, 0xe8, 0x0f, 0x00,
0xb4, 0x45, 0xce, 0xf8, 0x00, 0x00, 0xce, 0xf8, 0x04, 0x10, 0xce, 0xf8, 0x08, 0x20, 0xce, 0xf8,
0x0c, 0x30, 0x04, 0xf1, 0x10, 0x04, 0x0e, 0xf1, 0x10, 0x0e, 0xee, 0xd1, 0x07, 0xcc, 0x23, 0x88,
0xce, 0xf8, 0x04, 0x10, 0xae, 0xf8, 0x0c, 0x30, 0x55, 0x21, 0xaa, 0x23, 0xce, 0xf8, 0x00, 0x00,
0xce, 0xf8, 0x08, 0x20, 0x85, 0xf8, 0xfe, 0x11, 0x85, 0xf8, 0xff, 0x31, 0xbd, 0xe8, 0xf8, 0x83,
0x7e, 0x2c, 0x21, 0xd8, 0x63, 0x1e, 0x3e, 0x2b, 0x88, 0xbf, 0xa4, 0xf1, 0x40, 0x03, 0x00, 0x2b,
0x44, 0xd0, 0x1a, 0x02, 0xc3, 0xeb, 0xc3, 0x53, 0x05, 0xeb, 0x43, 0x20, 0x02, 0xf1, 0xfc, 0x01,
0x13, 0x1f, 0x08, 0x30, 0x40, 0xf2, 0xff, 0x7c, 0xb3, 0xf5, 0x00, 0x6f, 0x07, 0xd2, 0x5a, 0x1d,
0x63, 0x45, 0x14, 0xbf, 0x92, 0xb2, 0x4f, 0xf6, 0xff, 0x72, 0x20, 0xf8, 0x13, 0x20, 0x01, 0x33,
0x8b, 0x42, 0xf1, 0xd1, 0xbd, 0xe8, 0xf8, 0x83, 0x82, 0x2c, 0x32, 0xd9, 0xa4, 0xf1, 0x83, 0x03,
0x01, 0x2b, 0x78, 0xd9, 0x85, 0x3c, 0x21, 0x02, 0xb1, 0xf5, 0x00, 0x2f, 0xce, 0xd2, 0x42, 0x4b,
0x2b, 0x60, 0x03, 0xf1, 0x14, 0x43, 0x03, 0xf5, 0x2c, 0x13, 0x03, 0xf6, 0x02, 0x33, 0x6b, 0x60,
0x3e, 0x4b, 0xc5, 0xf8, 0xfc, 0x31, 0x3e, 0x4b, 0x6c, 0x61, 0x4f, 0xf4, 0x00, 0x60, 0x4f, 0xf4,
0x80, 0x72, 0xc5, 0xe9, 0x06, 0x03, 0xc5, 0xe9, 0x03, 0x12, 0x4f, 0xf4, 0x00, 0x53, 0xab, 0x60,
0x05, 0xf1, 0x20, 0x00, 0xbd, 0xe8, 0xf8, 0x43, 0x00, 0xf0, 0xcc, 0xbf, 0x2a, 0x46, 0xf0, 0x21,
0x02, 0xf8, 0x01, 0x1b, 0x4f, 0xf0, 0xff, 0x31, 0xc5, 0xf8, 0x01, 0x10, 0x51, 0x60, 0x11, 0x72,
0xaf, 0xe7, 0x7f, 0x2c, 0xa2, 0xd1, 0x46, 0x23, 0x2e, 0x49, 0x2a, 0x46, 0x05, 0xf1, 0x0b, 0x00,
0x3b, 0xb1, 0x01, 0x31, 0x02, 0xf8, 0x01, 0x3b, 0x82, 0x42, 0x04, 0xd0, 0x0b, 0x78, 0x00, 0x2b,
0xf7, 0xd1, 0x20, 0x23, 0xf6, 0xe7, 0x28, 0x23, 0x27, 0x4f, 0x28, 0x48, 0xeb, 0x72, 0x02, 0x26,
0x2b, 0x35, 0x6f, 0xf0, 0x66, 0x09, 0x4f, 0xf0, 0x4d, 0x08, 0xa5, 0xf1, 0x0b, 0x04, 0x38, 0xb3,
0x00, 0xf0, 0xb6, 0xff, 0xe0, 0x61, 0x66, 0x83, 0x39, 0x46, 0x22, 0x46, 0x05, 0xe0, 0x02, 0xf8,
0x01, 0x3b, 0xaa, 0x42, 0x01, 0xf1, 0x01, 0x01, 0x07, 0xd0, 0x0b, 0x78, 0x00, 0x2b, 0xf6, 0xd1,
0x20, 0x23, 0x02, 0xf8, 0x01, 0x3b, 0xaa, 0x42, 0xf7, 0xd1, 0x01, 0x36, 0xb6, 0xb2, 0x05, 0x2e,
0x84, 0xf8, 0x10, 0x90, 0x84, 0xf8, 0x11, 0x80, 0x84, 0xf8, 0x18, 0x90, 0x84, 0xf8, 0x19, 0x80,
0x07, 0xf1, 0x10, 0x07, 0x05, 0xf1, 0x20, 0x05, 0x3f, 0xf4, 0x60, 0xaf, 0xf8, 0x68, 0xd4, 0xe7,
0x4f, 0xf4, 0x80, 0x10, 0xd6, 0xe7, 0x0c, 0x4a, 0x02, 0xeb, 0x03, 0x13, 0xdc, 0x68, 0x20, 0x46,
0x00, 0xf0, 0x86, 0xff, 0x21, 0x46, 0x02, 0x46, 0x28, 0x46, 0xbd, 0xe8, 0xf8, 0x43, 0x00, 0xf0,
0x69, 0xbf, 0x00, 0xbf, 0xe4, 0x22, 0x00, 0x00, 0x55, 0x46, 0x32, 0x0a, 0x30, 0x6f, 0xb1, 0x0a,
0x60, 0x44, 0x11, 0x55, 0x0f, 0x23, 0x00, 0x00, 0xa0, 0x23, 0x00, 0x00, 0xd0, 0x23, 0x00, 0x00,
0x10, 0xb5, 0x0c, 0x46, 0x3a, 0x49, 0x20, 0x68, 0x88, 0x42, 0x82, 0xb0, 0x01, 0xd0, 0x02, 0xb0,
0x10, 0xbd, 0x01, 0xf1, 0x14, 0x41, 0x60, 0x68, 0x01, 0xf5, 0x2c, 0x11, 0x01, 0xf6, 0x02, 0x31,
0x88, 0x42, 0xf4, 0xd1, 0x33, 0x49, 0xd4, 0xf8, 0xfc, 0x01, 0x88, 0x42, 0xef, 0xd1, 0xa1, 0x68,
0x88, 0x04, 0x04, 0xd5, 0x30, 0x48, 0xd4, 0xf8, 0x1c, 0xc0, 0x84, 0x45, 0xe7, 0xd1, 0xc9, 0x07,
0x03, 0xd4, 0x21, 0x69, 0xb1, 0xf5, 0x80, 0x7f, 0x2c, 0xd0, 0x00, 0x2b, 0x3d, 0xd0, 0xa1, 0x69,
0x00, 0x29, 0x3a, 0xd0, 0x18, 0x68, 0x81, 0x42, 0x08, 0xd0, 0x40, 0xf6, 0x63, 0x0c, 0x61, 0x45,
0x01, 0xd8, 0x00, 0x28, 0x42, 0xd0, 0x4f, 0xf0, 0xff, 0x31, 0x19, 0x60, 0x61, 0x69, 0x40, 0xf6,
0x63, 0x00, 0x81, 0x42, 0xcb, 0xd8, 0x01, 0xf0, 0x07, 0x04, 0x03, 0xeb, 0xd1, 0x01, 0x01, 0x20,
0xa0, 0x40, 0x0c, 0x7a, 0x20, 0x42, 0x5f, 0xfa, 0x80, 0xfc, 0x28, 0xd0, 0x59, 0x68, 0x1b, 0x68,
0x8b, 0x42, 0xbc, 0xd8, 0x00, 0x2a, 0xba, 0xd1, 0x18, 0x4b, 0x19, 0x4a, 0x1b, 0x68, 0x1e, 0x33,
0x13, 0x60, 0xb4, 0xe7, 0xe0, 0x68, 0xc1, 0xb2, 0x00, 0x29, 0xce, 0xd1, 0xa0, 0xf5, 0x80, 0x41,
0xb1, 0xf5, 0xf8, 0x2f, 0xc9, 0xd2, 0x04, 0xf1, 0x20, 0x01, 0xcd, 0xe9, 0x00, 0x23, 0xfe, 0xf7,
0x6b, 0xff, 0xdd, 0xe9, 0x00, 0x23, 0x00, 0x2b, 0xc1, 0xd1, 0x00, 0x2a, 0x9f, 0xd1, 0x0b, 0x4b,
0x0b, 0x4a, 0x1b, 0x68, 0x03, 0xf5, 0x96, 0x73, 0x13, 0x60, 0x02, 0xb0, 0x10, 0xbd, 0x44, 0xea,
0x0c, 0x04, 0x0c, 0x72, 0x59, 0x68, 0x01, 0x31, 0x59, 0x60, 0xd0, 0xe7, 0x19, 0x60, 0xbd, 0xe7,
0x55, 0x46, 0x32, 0x0a, 0x30, 0x6f, 0xb1, 0x0a, 0x60, 0x44, 0x11, 0x55, 0x20, 0x0c, 0x00, 0x20,
0x18, 0x0c, 0x00, 0x20, 0xf8, 0xb5, 0x62, 0x4b, 0x9b, 0x68, 0x00, 0x2b, 0x40, 0xf0, 0x85, 0x80,
0x60, 0x4a, 0x13, 0x70, 0x93, 0x68, 0x00, 0x2b, 0xfc, 0xd1, 0x5f, 0x4a, 0x11, 0x69, 0x63, 0xf3,
0x41, 0x01, 0x11, 0x61, 0xd3, 0x68, 0x5b, 0x07, 0xfc, 0xd5, 0x13, 0x69, 0xc8, 0x21, 0x61, 0xf3,
0x17, 0x43, 0x13, 0x61, 0x13, 0x69, 0x58, 0x49, 0x6f, 0xf3, 0x83, 0x03, 0x13, 0x61, 0x13, 0x69,
0x43, 0xf0, 0x02, 0x03, 0x13, 0x61, 0xcb, 0x68, 0xdf, 0x07, 0xfc, 0xd5, 0x52, 0x4a, 0xd3, 0x68,
0x9e, 0x07, 0xfc, 0xd4, 0x51, 0x4b, 0x1a, 0x78, 0xd5, 0x07, 0x5f, 0xd5, 0x4e, 0x4c, 0x64, 0x20,
0xff, 0xf7, 0xb6, 0xf8, 0xe3, 0x68, 0x98, 0x07, 0xf9, 0xd4, 0x4b, 0x4a, 0x13, 0x69, 0x6f, 0xf3,
0x41, 0x03, 0x13, 0x61, 0xd3, 0x68, 0x59, 0x07, 0xfc, 0xd5, 0x13, 0x69, 0x01, 0x21, 0x61, 0xf3,
0x83, 0x03, 0x13, 0x61, 0x13, 0x69, 0x43, 0xf0, 0x02, 0x03, 0x13, 0x61, 0xff, 0xf7, 0x70, 0xf9,
0x4f, 0xf4, 0x80, 0x43, 0x5c, 0x68, 0xa4, 0xf5, 0x80, 0x42, 0xb2, 0xf5, 0xf8, 0x2f, 0x1a, 0xd8,
0x3f, 0x4a, 0xd3, 0xf8, 0x68, 0x32, 0x93, 0x42, 0x5a, 0xd0, 0x3c, 0x4b, 0x1b, 0x78, 0x13, 0xf0,
0x01, 0x03, 0x43, 0xd0, 0x3b, 0x4b, 0x00, 0x22, 0xc3, 0xf8, 0xfc, 0x2f, 0x3a, 0x4a, 0x4f, 0xf4,
0x80, 0x43, 0x4f, 0xf4, 0x00, 0x01, 0xc2, 0xf8, 0x94, 0x10, 0x1a, 0x68, 0x82, 0xf3, 0x08, 0x88,
0x2f, 0x4a, 0x93, 0x60, 0x20, 0x47, 0x35, 0x4f, 0xfe, 0xf7, 0xa2, 0xff, 0xbf, 0xf3, 0x5f, 0x8f,
0x62, 0xb6, 0xff, 0xf7, 0x6b, 0xfd, 0x32, 0x4e, 0x32, 0x4c, 0x40, 0x20, 0xff, 0xf7, 0x4a, 0xf9,
0x0a, 0x23, 0x33, 0x70, 0x01, 0x25, 0xff, 0xf7, 0xf3, 0xfa, 0x20, 0xb1, 0x23, 0x78, 0x03, 0xf0,
0xff, 0x02, 0xa3, 0xb1, 0x25, 0x70, 0x23, 0x78, 0x63, 0xb9, 0x23, 0x78, 0x00, 0x2b, 0xf2, 0xd1,
0xff, 0x23, 0x00, 0xbf, 0x01, 0x3b, 0xfc, 0xd1, 0xed, 0xe7, 0xfe, 0xe7, 0x1b, 0x78, 0x5c, 0x07,
0xa3, 0xd5, 0x9b, 0xe7, 0x00, 0xf0, 0xe4, 0xfa, 0x00, 0xf0, 0xe2, 0xfa, 0xfa, 0xe7, 0x4f, 0xf4,
0x80, 0x40, 0x3a, 0x60, 0xff, 0xf7, 0x26, 0xf9, 0x35, 0x70, 0xe3, 0xe7, 0x19, 0x4a, 0x1e, 0x49,
0xd2, 0xf8, 0xfc, 0x0f, 0x88, 0x42, 0x1f, 0xd0, 0xd2, 0xf8, 0xfc, 0x0f, 0x1b, 0x4b, 0x98, 0x42,
0xb0, 0xd0, 0xc2, 0xf8, 0xfc, 0x1f, 0x4f, 0xf4, 0xfa, 0x70, 0xff, 0xf7, 0x39, 0xf8, 0xa9, 0xe7,
0x0e, 0x4b, 0x1b, 0x78, 0xdb, 0x07, 0x05, 0xd4, 0x0e, 0x4a, 0x14, 0x4b, 0xd2, 0xf8, 0xfc, 0x2f,
0x9a, 0x42, 0x9a, 0xd0, 0x0b, 0x4a, 0x11, 0x49, 0x11, 0x4b, 0xc2, 0xf8, 0xfc, 0x1f, 0x1b, 0x68,
0x0a, 0x4f, 0x32, 0x33, 0x3b, 0x60, 0xa7, 0xe7, 0x08, 0x4f, 0xc2, 0xf8, 0xfc, 0x3f, 0xa3, 0xe7,
0x00, 0xed, 0x00, 0xe0, 0x00, 0x20, 0x00, 0x40, 0x00, 0x18, 0x00, 0x40, 0x00, 0x0c, 0x00, 0x40,
0x7c, 0xb0, 0xee, 0x87, 0x00, 0xf0, 0x02, 0x20, 0x00, 0x80, 0x00, 0x41, 0x18, 0x0c, 0x00, 0x20,
0x00, 0x00, 0x00, 0x20, 0xb6, 0x0f, 0x00, 0x20, 0xef, 0x69, 0x16, 0xf0, 0xef, 0x69, 0x26, 0xf0,
0x20, 0x0c, 0x00, 0x20, 0x80, 0xb5, 0x06, 0x46, 0xe4, 0xb0, 0x72, 0xb6, 0xbf, 0xf3, 0x5f, 0x8f,
0x4f, 0xf0, 0x82, 0x43, 0x4b, 0x49, 0x00, 0x24, 0x40, 0xf2, 0xff, 0x32, 0x9a, 0x82, 0x0d, 0xa8,
0x9a, 0x83, 0x44, 0x22, 0x8c, 0x60, 0x21, 0x46, 0x00, 0xf0, 0xf2, 0xfd, 0x4f, 0xf4, 0x8c, 0x72,
0x21, 0x46, 0x1e, 0xa8, 0x00, 0xf0, 0xec, 0xfd, 0x02, 0x23, 0x8d, 0xf8, 0x36, 0x30, 0x73, 0x78,
0xf1, 0x68, 0x07, 0x94, 0x03, 0xf0, 0x0f, 0x03, 0x73, 0x70, 0xb3, 0x78, 0x8d, 0xf8, 0x20, 0x40,
0x03, 0xf0, 0x0f, 0x03, 0xb3, 0x70, 0x73, 0x68, 0x06, 0x93, 0x3b, 0x4b, 0x05, 0x93, 0x01, 0x22,
0x1e, 0xab, 0x40, 0xf6, 0xff, 0x70, 0xff, 0xf7, 0x6b, 0xfe, 0xb3, 0x68, 0x8b, 0xb1, 0xb2, 0x78,
0xf0, 0x68, 0x4f, 0xf4, 0x00, 0x71, 0x0d, 0xab, 0xff, 0xf7, 0xdc, 0xf9, 0x1e, 0xab, 0x04, 0xf5,
0x80, 0x50, 0xf1, 0x68, 0x01, 0x22, 0xff, 0xf7, 0x5b, 0xfe, 0xb3, 0x68, 0x01, 0x34, 0x9c, 0x42,
0xed, 0xd3, 0x72, 0x78, 0x2d, 0x4f, 0xdf, 0xf8, 0xb0, 0x80, 0x01, 0x23, 0x0d, 0x21, 0x05, 0xa8,
0xff, 0xf7, 0xda, 0xf9, 0x00, 0x24, 0xb5, 0x78, 0x0d, 0xab, 0x2a, 0x46, 0x01, 0x21, 0x00, 0x20,
0xff, 0xf7, 0x50, 0xf9, 0x00, 0x28, 0x3b, 0xd0, 0x0d, 0xab, 0x2a, 0x46, 0x1f, 0x21, 0x05, 0xa8,
0xff, 0xf7, 0x48, 0xf9, 0xdd, 0xe9, 0x06, 0x12, 0x9d, 0xf8, 0x23, 0x30, 0x03, 0x92, 0x00, 0x24,
0xcd, 0xe9, 0x01, 0x81, 0x8d, 0xf8, 0x10, 0x40, 0x1b, 0xb3, 0x2a, 0x2b, 0x2f, 0xd1, 0x9d, 0xf8,
0x2a, 0x10, 0x9d, 0xf8, 0x2b, 0x30, 0x8d, 0xf8, 0x03, 0x10, 0x8d, 0xf8, 0x02, 0x30, 0xbd, 0xf8,
0x02, 0x50, 0xb5, 0x60, 0x95, 0xb1, 0xb2, 0x78, 0xf0, 0x68, 0x4f, 0xf4, 0x00, 0x71, 0x0d, 0xab,
0xff, 0xf7, 0x98, 0xf9, 0x1e, 0xab, 0x04, 0xf5, 0x80, 0x50, 0xf1, 0x68, 0x01, 0x22, 0xff, 0xf7,
0x17, 0xfe, 0xb3, 0x68, 0x01, 0x34, 0x9c, 0x42, 0xed, 0xd3, 0x03, 0x9a, 0xa2, 0xeb, 0x45, 0x22,
0x03, 0x92, 0x72, 0x78, 0x01, 0x23, 0x0d, 0x21, 0x01, 0xa8, 0xff, 0xf7, 0x95, 0xf9, 0xb9, 0xe7,
0xbc, 0x42, 0x01, 0xd8, 0x01, 0x34, 0xb6, 0xe7, 0xfe, 0xf7, 0x9a, 0xff, 0xfa, 0xe7, 0xfe, 0xf7,
0xc1, 0xff, 0xee, 0xe7, 0x00, 0xed, 0x00, 0xe0, 0x53, 0x42, 0x53, 0x55, 0xa0, 0x86, 0x01, 0x00,
0xf8, 0xb5, 0x04, 0x22, 0x0e, 0x46, 0xff, 0xf7, 0xc3, 0xf9, 0x86, 0x42, 0x19, 0xd1, 0x19, 0x4c,
0x19, 0x4d, 0x1a, 0x4f, 0xa9, 0x68, 0x7a, 0x68, 0x6a, 0x60, 0x00, 0x23, 0xc4, 0xe9, 0x00, 0x33,
0xc4, 0xe9, 0x02, 0x33, 0x23, 0x82, 0x2b, 0x73, 0xf0, 0x23, 0x8e, 0x1b, 0x23, 0x70, 0x0a, 0x23,
0xae, 0x60, 0xe3, 0x71, 0x10, 0x48, 0xbd, 0xe8, 0xf8, 0x40, 0x04, 0x22, 0x0d, 0x21, 0xff, 0xf7,
0xa7, 0xb9, 0x0c, 0x4c, 0x0c, 0x4d, 0x0d, 0x4f, 0x00, 0x23, 0xc4, 0xe9, 0x00, 0x33, 0xc4, 0xe9,
0x02, 0x33, 0x23, 0x82, 0xf0, 0x23, 0x23, 0x70, 0x0a, 0x23, 0xe3, 0x71, 0x01, 0x23, 0x2b, 0x73,
0x04, 0x22, 0x7b, 0x68, 0xa2, 0x70, 0x0d, 0x21, 0x28, 0x46, 0x6b, 0x60, 0xff, 0xf7, 0x90, 0xf9,
0xd0, 0xe7, 0x00, 0xbf, 0xf4, 0x11, 0x00, 0x20, 0x9c, 0x01, 0x00, 0x20, 0xd4, 0x11, 0x00, 0x20,
0x1f, 0x4a, 0x00, 0x23, 0x10, 0xb5, 0xc2, 0xe9, 0x00, 0x33, 0xc2, 0xe9, 0x02, 0x33, 0x1d, 0x4c,
0x13, 0x61, 0x78, 0xb3, 0xe1, 0x7d, 0x02, 0xf1, 0x08, 0x0e, 0x08, 0x23, 0x94, 0xf8, 0x11, 0xc0,
0x0c, 0xf0, 0x3f, 0x0c, 0xbc, 0xf1, 0x1c, 0x0f, 0x0e, 0xd0, 0xbc, 0xf1, 0x3f, 0x0f, 0x0b, 0xd0,
0x99, 0x42, 0x28, 0xbf, 0x19, 0x46, 0xb0, 0xb1, 0x02, 0x3b, 0x1b, 0x02, 0x13, 0x80, 0xbd, 0xe8,
0x10, 0x40, 0x0f, 0x48, 0xff, 0xf7, 0x9c, 0xbf, 0x0c, 0x33, 0xdb, 0xb2, 0x40, 0xf6, 0x1c, 0x24,
0xae, 0xf8, 0x00, 0x40, 0x99, 0x42, 0x4f, 0xf0, 0x05, 0x04, 0x8e, 0xf8, 0x03, 0x40, 0x28, 0xbf,
0x19, 0x46, 0x00, 0x28, 0xe8, 0xd1, 0x01, 0x3b, 0x13, 0x70, 0xbd, 0xe8, 0x10, 0x40, 0x04, 0x48,
0xff, 0xf7, 0x86, 0xbf, 0xe1, 0x7c, 0x02, 0xf1, 0x04, 0x0e, 0x04, 0x23, 0xce, 0xe7, 0x00, 0xbf,
0xb8, 0x11, 0x00, 0x20, 0xd4, 0x11, 0x00, 0x20, 0x2d, 0xe9, 0xf0, 0x47, 0xdf, 0xf8, 0xd4, 0x90,
0xb9, 0xf8, 0x16, 0x30, 0x99, 0xf8, 0x11, 0x10, 0x99, 0xf8, 0x12, 0x20, 0x82, 0xb0, 0x5b, 0xba,
0x8d, 0xf8, 0x07, 0x10, 0x8d, 0xf8, 0x06, 0x20, 0x99, 0xf8, 0x13, 0x10, 0x99, 0xf8, 0x14, 0x20,
0x8d, 0xf8, 0x05, 0x10, 0x1f, 0xfa, 0x83, 0xf8, 0x8d, 0xf8, 0x04, 0x20, 0xad, 0xf8, 0x02, 0x30,
0xb8, 0xf1, 0x00, 0x0f, 0x32, 0xd0, 0x28, 0x4f, 0xdf, 0xf8, 0xa0, 0xa0, 0x28, 0x4d, 0x06, 0x46,
0x00, 0x24, 0x12, 0xe0, 0x01, 0x98, 0x39, 0x46, 0x20, 0x44, 0xff, 0xf7, 0x57, 0xfc, 0x04, 0x22,
0x4f, 0xf4, 0x00, 0x71, 0x38, 0x46, 0xff, 0xf7, 0x13, 0xf9, 0xa9, 0x68, 0x01, 0x34, 0xa1, 0xf5,
0x00, 0x71, 0xa0, 0x45, 0xa9, 0x60, 0x2b, 0x46, 0x19, 0xd0, 0xff, 0xf7, 0x29, 0xf9, 0x84, 0x46,
0x33, 0x46, 0x05, 0x22, 0x4f, 0xf4, 0x00, 0x71, 0x38, 0x46, 0xbc, 0xf1, 0x00, 0x0f, 0x25, 0xd0,
0x00, 0x2e, 0xdf, 0xd1, 0xff, 0xf7, 0xa6, 0xf8, 0x01, 0x98, 0x53, 0x46, 0x20, 0x44, 0x32, 0x46,
0x39, 0x46, 0xff, 0xf7, 0x25, 0xfd, 0xfe, 0xf7, 0x45, 0xff, 0xde, 0xe7, 0x10, 0x4b, 0x11, 0x4a,
0xd9, 0xf8, 0x04, 0x40, 0x5c, 0x60, 0x00, 0x21, 0xf0, 0x20, 0xc2, 0xe9, 0x00, 0x11, 0x10, 0x70,
0x0a, 0x20, 0xd0, 0x71, 0x0a, 0x48, 0x11, 0x82, 0xc2, 0xe9, 0x02, 0x11, 0x19, 0x73, 0x04, 0x22,
0x0d, 0x21, 0x02, 0xb0, 0xbd, 0xe8, 0xf0, 0x47, 0xff, 0xf7, 0xda, 0xb8, 0x02, 0xb0, 0xbd, 0xe8,
0xf0, 0x87, 0x00, 0xbf, 0xd4, 0x11, 0x00, 0x20, 0xb8, 0x0f, 0x00, 0x20, 0x08, 0x12, 0x00, 0x20,
0x9c, 0x01, 0x00, 0x20, 0xf4, 0x11, 0x00, 0x20, 0x70, 0xb5, 0x84, 0xb0, 0x00, 0xf0, 0x16, 0xfc,
0x00, 0x23, 0x05, 0x22, 0x01, 0x21, 0x18, 0x46, 0xfe, 0xf7, 0xfc, 0xff, 0x08, 0xb9, 0x04, 0xb0,
0x70, 0xbd, 0x53, 0x4c, 0x53, 0x4d, 0x00, 0x23, 0x05, 0x22, 0x1f, 0x21, 0x20, 0x46, 0xfe, 0xf7,
0xf1, 0xff, 0xe3, 0x7b, 0xa6, 0x68, 0xae, 0x60, 0x5a, 0x2b, 0x45, 0xd8, 0xdf, 0xe8, 0x03, 0xf0,
0x2e, 0x44, 0x44, 0x8f, 0x44, 0x44, 0x44, 0x44, 0x44, 0x44, 0x44, 0x44, 0x44, 0x44, 0x44, 0x44,
0x44, 0x44, 0x7e, 0x44, 0x44, 0x44, 0x44, 0x44, 0x44, 0x44, 0x89, 0x2e, 0x44, 0x44, 0x2e, 0x44,
0x44, 0x44, 0x44, 0x5a, 0x44, 0x6a, 0x44, 0x44, 0x76, 0x44, 0x7c, 0x44, 0x44, 0x44, 0x44, 0x2e,
0x44, 0x44, 0x44, 0x44, 0x44, 0x44, 0x44, 0x44, 0x44, 0x44, 0x44, 0x44, 0x44, 0x44, 0x44, 0x44,
0x44, 0x44, 0x44, 0x44, 0x44, 0x44, 0x44, 0x44, 0x44, 0x44, 0x44, 0x44, 0x44, 0x44, 0x44, 0x44,
0x44, 0x44, 0x44, 0x44, 0x44, 0x44, 0x44, 0x44, 0x44, 0x44, 0x95, 0x00, 0x36, 0x4b, 0x64, 0x68,
0x34, 0x48, 0x00, 0x21, 0xf0, 0x22, 0xc3, 0xe9, 0x02, 0x11, 0xc3, 0xe9, 0x00, 0x11, 0x1a, 0x70,
0x0a, 0x22, 0xda, 0x71, 0x19, 0x82, 0x04, 0x22, 0x29, 0x73, 0x0d, 0x21, 0x6c, 0x60, 0x04, 0xb0,
0xbd, 0xe8, 0x70, 0x40, 0xff, 0xf7, 0x6c, 0xb8, 0x2b, 0x4b, 0x64, 0x68, 0x29, 0x48, 0x00, 0x22,
0xf0, 0x21, 0xc3, 0xe9, 0x00, 0x22, 0xc3, 0xe9, 0x02, 0x22, 0x1a, 0x82, 0x19, 0x70, 0x01, 0x22,
0x0a, 0x21, 0xd9, 0x71, 0x2a, 0x73, 0x05, 0x21, 0x4f, 0xf4, 0x00, 0x52, 0x9a, 0x81, 0x99, 0x70,
0x04, 0x22, 0xe2, 0xe7, 0x21, 0x4a, 0x07, 0xca, 0x01, 0xab, 0x0c, 0x2e, 0x83, 0xe8, 0x07, 0x00,
0x88, 0xbf, 0x0c, 0x22, 0x4f, 0xf0, 0x0c, 0x01, 0x18, 0x46, 0x88, 0xbf, 0xaa, 0x60, 0xff, 0xf7,
0x7f, 0xfe, 0x84, 0xe7, 0x1a, 0x48, 0x1b, 0x4b, 0x4f, 0xf4, 0x00, 0x32, 0xc0, 0xe9, 0x00, 0x32,
0x08, 0x21, 0x04, 0xb0, 0xbd, 0xe8, 0x70, 0x40, 0xff, 0xf7, 0x72, 0xbe, 0x01, 0x20, 0x04, 0xb0,
0xbd, 0xe8, 0x70, 0x40, 0xff, 0xf7, 0xf0, 0xbe, 0x00, 0x20, 0xf8, 0xe7, 0x12, 0x49, 0x13, 0x48,
0x18, 0x22, 0xff, 0xf7, 0x57, 0xfb, 0xe1, 0x7c, 0x11, 0x48, 0x24, 0x29, 0x28, 0xbf, 0x24, 0x21,
0xe7, 0xe7, 0x00, 0x20, 0x04, 0xb0, 0xbd, 0xe8, 0x70, 0x40, 0xff, 0xf7, 0x99, 0xbe, 0xe1, 0x7c,
0x05, 0x48, 0x12, 0x29, 0x28, 0xbf, 0x12, 0x21, 0xdb, 0xe7, 0x01, 0x20, 0xf2, 0xe7, 0x00, 0xbf,
0xd4, 0x11, 0x00, 0x20, 0x9c, 0x01, 0x00, 0x20, 0xf4, 0x11, 0x00, 0x20, 0x24, 0x24, 0x00, 0x00,
0xcc, 0x11, 0x00, 0x20, 0x00, 0x00, 0x3e, 0x7f, 0x80, 0x22, 0x00, 0x00, 0xb4, 0x01, 0x00, 0x20,
0xac, 0x01, 0x00, 0x20, 0x72, 0xb6, 0xbf, 0xf3, 0x5f, 0x8f, 0x4f, 0xf0, 0x82, 0x43, 0x04, 0x49,
0x40, 0xf2, 0xff, 0x32, 0x00, 0x20, 0x9a, 0x82, 0x9a, 0x83, 0x88, 0x60, 0x70, 0x47, 0x00, 0xbf,
0x00, 0xed, 0x00, 0xe0, 0x30, 0xb5, 0xef, 0xf3, 0x08, 0x83, 0x05, 0x4c, 0x23, 0x60, 0x03, 0x68,
0x83, 0xf3, 0x08, 0x88, 0x45, 0x68, 0xa8, 0x47, 0x23, 0x68, 0x83, 0xf3, 0x08, 0x88, 0x30, 0xbd,
0x80, 0x13, 0x00, 0x20, 0x00, 0xb5, 0x83, 0xb0, 0x01, 0x46, 0x01, 0x22, 0x68, 0x46, 0xfe, 0xf7,
0x8b, 0xfd, 0x08, 0x21, 0x68, 0x46, 0xff, 0xf7, 0x79, 0xfa, 0x03, 0xb0, 0x5d, 0xf8, 0x04, 0xfb,
0x2d, 0xe9, 0xf0, 0x4f, 0xab, 0x49, 0xdf, 0xf8, 0xb0, 0xb2, 0xac, 0x4c, 0xac, 0x4f, 0xad, 0x4e,
0xad, 0x4d, 0xdf, 0xf8, 0xb8, 0x82, 0x00, 0x22, 0x7a, 0x23, 0x83, 0xb0, 0x0a, 0x60, 0x8b, 0xf8,
0x00, 0x30, 0xff, 0xf7, 0xf9, 0xfe, 0x40, 0x21, 0x20, 0x46, 0xff, 0xf7, 0xc7, 0xfa, 0x4f, 0xf0,
0x00, 0x09, 0x04, 0xf8, 0x00, 0x90, 0x38, 0x60, 0x10, 0xb9, 0x34, 0x60, 0x28, 0x60, 0xf0, 0xe7,
0xfe, 0xf7, 0x08, 0xfe, 0x38, 0x68, 0x34, 0x60, 0xc5, 0xf8, 0x00, 0x90, 0x00, 0x28, 0xe8, 0xd0,
0x21, 0x46, 0x4b, 0x46, 0x0a, 0x78, 0xdf, 0xf8, 0x78, 0x92, 0xdf, 0xf8, 0x78, 0xa2, 0xff, 0x2a,
0x0e, 0xd0, 0x23, 0x2a, 0x18, 0xd0, 0xa2, 0xf1, 0x30, 0x03, 0xd8, 0xb2, 0x09, 0x28, 0x43, 0xd8,
0xd8, 0xf8, 0x00, 0x20, 0x43, 0xea, 0x02, 0x13, 0xc8, 0xf8, 0x00, 0x30, 0x01, 0x31, 0x31, 0x60,
0x2b, 0x68, 0x38, 0x68, 0x01, 0x33, 0x83, 0x42, 0x2b, 0x60, 0xca, 0xd2, 0x31, 0x68, 0x0a, 0x78,
0xff, 0x2a, 0xf5, 0xd0, 0x23, 0x2a, 0xe6, 0xd1, 0x9b, 0xf8, 0x00, 0x20, 0x53, 0x2a, 0x57, 0xd0,
0x52, 0x2a, 0x78, 0xd0, 0x4f, 0x2a, 0x4d, 0xd0, 0x48, 0x2a, 0x7b, 0xd0, 0x57, 0x2a, 0x7f, 0xd0,
0x6f, 0x2a, 0x00, 0xf0, 0x8c, 0x80, 0x68, 0x2a, 0x00, 0xf0, 0x8f, 0x80, 0x77, 0x2a, 0x00, 0xf0,
0x96, 0x80, 0x47, 0x2a, 0x00, 0xf0, 0x9d, 0x80, 0x54, 0x2a, 0x0d, 0xd0, 0x4e, 0x2a, 0x0b, 0xd0,
0x56, 0x2a, 0x00, 0xf0, 0xc0, 0x80, 0x58, 0x2a, 0x00, 0xf0, 0xa8, 0x80, 0x59, 0x2a, 0x00, 0xf0,
0xae, 0x80, 0x5a, 0x2a, 0x00, 0xf0, 0xc4, 0x80, 0x7a, 0x23, 0x8b, 0xf8, 0x00, 0x30, 0x00, 0x23,
0x31, 0x68, 0xc8, 0xf8, 0x00, 0x30, 0xc1, 0xe7, 0xa2, 0xf1, 0x41, 0x03, 0x05, 0x2b, 0x07, 0xd8,
0xd8, 0xf8, 0x00, 0x30, 0x37, 0x3a, 0x42, 0xea, 0x03, 0x12, 0xc8, 0xf8, 0x00, 0x20, 0xb5, 0xe7,
0xa2, 0xf1, 0x61, 0x03, 0x05, 0x2b, 0x07, 0xd8, 0xd8, 0xf8, 0x00, 0x30, 0x57, 0x3a, 0x42, 0xea,
0x03, 0x12, 0xc8, 0xf8, 0x00, 0x20, 0xa9, 0xe7, 0x2c, 0x2a, 0x02, 0xbf, 0x61, 0x4a, 0xd8, 0xf8,
0x00, 0x30, 0x13, 0x60, 0x4f, 0xf0, 0x00, 0x03, 0x18, 0xbf, 0x8b, 0xf8, 0x00, 0x20, 0xc8, 0xf8,
0x00, 0x30, 0x9b, 0xe7, 0x5b, 0x4b, 0xd8, 0xf8, 0x00, 0x20, 0x1b, 0x68, 0x1a, 0x70, 0xcb, 0xe7,
0x01, 0x33, 0xc2, 0x1a, 0xd8, 0xf8, 0x00, 0x00, 0x2b, 0x60, 0x82, 0x42, 0x28, 0xbf, 0x02, 0x46,
0x54, 0x48, 0x5d, 0x4b, 0x00, 0x68, 0x1a, 0x60, 0x01, 0x31, 0x31, 0x60, 0x00, 0xf0, 0xaa, 0xfa,
0x59, 0x4b, 0x19, 0x68, 0x59, 0x4b, 0x19, 0x70, 0x2b, 0x68, 0x0b, 0x44, 0x01, 0x3b, 0x2b, 0x60,
0x33, 0x68, 0x4a, 0x1e, 0x13, 0x44, 0x33, 0x60, 0xd8, 0xf8, 0x00, 0x30, 0xc9, 0xb2, 0x8b, 0x42,
0x17, 0xd8, 0x00, 0xbf, 0xa8, 0xe7, 0x47, 0x4b, 0xd8, 0xf8, 0x00, 0x10, 0x18, 0x68, 0xff, 0xf7,
0xd9, 0xf9, 0xa1, 0xe7, 0x43, 0x4b, 0xd8, 0xf8, 0x00, 0x20, 0x1b, 0x68, 0x1a, 0x80, 0x9b, 0xe7,
0x40, 0x4b, 0x4b, 0x4a, 0x1b, 0x68, 0x93, 0x42, 0x31, 0xd0, 0xd8, 0xf8, 0x00, 0x20, 0x1a, 0x60,
0x92, 0xe7, 0x59, 0x1a, 0x3b, 0x4b, 0x18, 0x68, 0xff, 0xf7, 0x08, 0xfa, 0xe1, 0xe7, 0x39, 0x4b,
0x01, 0x21, 0x18, 0x68, 0xff, 0xf7, 0x8a, 0xf9, 0x86, 0xe7, 0x36, 0x4b, 0x3b, 0x48, 0x1b, 0x68,
0x02, 0x21, 0x1b, 0x88, 0xc8, 0xf8, 0x00, 0x30, 0xff, 0xf7, 0x80, 0xf9, 0x7c, 0xe7, 0x31, 0x4b,
0x36, 0x48, 0x1b, 0x68, 0x04, 0x21, 0x1b, 0x68, 0xc8, 0xf8, 0x00, 0x30, 0xff, 0xf7, 0x76, 0xf9,
0x72, 0xe7, 0xd8, 0xf8, 0x00, 0x00, 0xff, 0xf7, 0xdd, 0xfe, 0x36, 0x4b, 0x1b, 0x78, 0x00, 0x2b,
0x3f, 0xf4, 0x6a, 0xaf, 0x01, 0x21, 0x34, 0x48, 0xff, 0xf7, 0x68, 0xf9, 0x64, 0xe7, 0x4f, 0xf0,
0x40, 0x10, 0xfe, 0xf7, 0x37, 0xfd, 0x23, 0x4b, 0x1b, 0x68, 0xc6, 0xe7, 0xd8, 0xf8, 0x00, 0x00,
0xfe, 0xf7, 0x60, 0xfa, 0x03, 0x21, 0x2d, 0x48, 0xff, 0xf7, 0x58, 0xf9, 0x54, 0xe7, 0xd8, 0xf8,
0x00, 0x20, 0x6a, 0xb9, 0x1b, 0x4b, 0x2a, 0x4a, 0x1b, 0x68, 0x13, 0x60, 0x03, 0x21, 0x29, 0x48,
0xff, 0xf7, 0x4c, 0xf9, 0x48, 0xe7, 0x2a, 0x21, 0x27, 0x48, 0xff, 0xf7, 0x47, 0xf9, 0x43, 0xe7,
0x23, 0x4b, 0x19, 0x68, 0x13, 0x4b, 0x92, 0x08, 0x18, 0x68, 0xfe, 0xf7, 0x65, 0xfa, 0xed, 0xe7,
0x10, 0x4b, 0x1a, 0x68, 0xd8, 0xf8, 0x00, 0x30, 0xd3, 0x18, 0x01, 0x93, 0x00, 0x23, 0x19, 0x46,
0x06, 0xe0, 0x12, 0xf8, 0x01, 0x0b, 0x00, 0x92, 0xfe, 0xf7, 0xee, 0xfb, 0x00, 0x9a, 0x01, 0x46,
0x01, 0x9b, 0x9a, 0x42, 0xf5, 0xd1, 0x00, 0x91, 0x48, 0x46, 0x01, 0x21, 0xff, 0xf7, 0x26, 0xf9,
0x00, 0x9b, 0x18, 0x46, 0xff, 0xf7, 0x9e, 0xfe, 0x03, 0x21, 0x50, 0x46, 0xff, 0xf7, 0x1e, 0xf9,
0x1a, 0xe7, 0x00, 0xbf, 0x7c, 0x13, 0x00, 0x20, 0x21, 0x13, 0x00, 0x20, 0x28, 0x13, 0x00, 0x20,
0x74, 0x13, 0x00, 0x20, 0x78, 0x13, 0x00, 0x20, 0x6c, 0x13, 0x00, 0x20, 0x24, 0x13, 0x00, 0x20,
0x3c, 0x24, 0x00, 0x00, 0x40, 0x24, 0x00, 0x00, 0x88, 0x13, 0x00, 0x20, 0x70, 0x13, 0x00, 0x20,
0x0c, 0xed, 0x00, 0xe0, 0x20, 0x13, 0x00, 0x20, 0x30, 0x24, 0x00, 0x00, 0x34, 0x24, 0x00, 0x00,
0x84, 0x13, 0x00, 0x20, 0x38, 0x24, 0x00, 0x00, 0x44, 0x24, 0x00, 0x00, 0x2d, 0xe9, 0xf0, 0x47,
0x83, 0x6c, 0xb0, 0xf8, 0x4c, 0x10, 0xa0, 0xf8, 0x48, 0x10, 0x00, 0x22, 0x01, 0x3b, 0x90, 0xb0,
0x06, 0x46, 0xa0, 0xf8, 0x4a, 0x20, 0x08, 0x2b, 0x00, 0xf2, 0x66, 0x81, 0xdf, 0xe8, 0x13, 0xf0,
0x1b, 0x00, 0x5e, 0x00, 0x09, 0x00, 0x88, 0x00, 0x0b, 0x00, 0x46, 0x00, 0x8b, 0x00, 0xc9, 0x00,
0x09, 0x01, 0xfe, 0xf7, 0x05, 0xfc, 0xb4, 0x6c, 0x96, 0xf8, 0x47, 0x20, 0xcd, 0xf8, 0x01, 0x40,
0x44, 0x25, 0x01, 0x23, 0x40, 0x21, 0x68, 0x46, 0x8d, 0xf8, 0x00, 0x50, 0xfe, 0xf7, 0xec, 0xfd,
0x10, 0xb0, 0xbd, 0xe8, 0xf0, 0x87, 0x4f, 0xf4, 0x80, 0x71, 0x4f, 0xf4, 0x00, 0x62, 0xc6, 0xe9,
0x14, 0x12, 0x01, 0x23, 0xf3, 0x64, 0x4f, 0xf4, 0xa0, 0x71, 0xb1, 0x65, 0xa0, 0x48, 0xf1, 0x6c,
0xb2, 0x6c, 0xf0, 0x65, 0xcd, 0xf8, 0x05, 0x10, 0x31, 0x6d, 0x70, 0x6d, 0xcd, 0xf8, 0x01, 0x20,
0xcd, 0xf8, 0x09, 0x10, 0xb2, 0x6d, 0xf1, 0x6d, 0xcd, 0xf8, 0x11, 0x20, 0xcd, 0xf8, 0x0d, 0x00,
0xcd, 0xf8, 0x15, 0x10, 0x96, 0xf8, 0x47, 0x20, 0x58, 0x24, 0x40, 0x21, 0x68, 0x46, 0x8d, 0xf8,
0x00, 0x40, 0xfe, 0xf7, 0xc1, 0xfd, 0x10, 0xb0, 0xbd, 0xe8, 0xf0, 0x87, 0x81, 0x6c, 0x90, 0xf8,
0x47, 0x20, 0xcd, 0xf8, 0x01, 0x10, 0x44, 0x20, 0x8d, 0xf8, 0x00, 0x00, 0x01, 0x23, 0x40, 0x21,
0x68, 0x46, 0xfe, 0xf7, 0xb1, 0xfd, 0x30, 0x6d, 0xb0, 0xf5, 0x80, 0x4f, 0xc0, 0xd3, 0x06, 0xf1,
0x54, 0x01, 0x10, 0xb0, 0xbd, 0xe8, 0xf0, 0x47, 0xfe, 0xf7, 0xe6, 0xb9, 0x85, 0x48, 0x00, 0xf0,
0x87, 0xf9, 0x06, 0xf1, 0x4c, 0x05, 0x07, 0x46, 0x02, 0x46, 0x82, 0x49, 0x28, 0x46, 0x00, 0xf0,
0x69, 0xf9, 0x0d, 0xf1, 0x01, 0x04, 0x96, 0xf8, 0x47, 0x80, 0x4f, 0xf0, 0x3f, 0x09, 0x3e, 0x1d,
0x2f, 0x44, 0x6d, 0x46, 0x3f, 0x2e, 0xa7, 0xeb, 0x06, 0x01, 0x00, 0xf3, 0xc3, 0x80, 0x32, 0x46,
0x20, 0x46, 0x46, 0xf0, 0x40, 0x06, 0x8d, 0xf8, 0x00, 0x60, 0x00, 0xf0, 0x53, 0xf9, 0x01, 0x23,
0x42, 0x46, 0x40, 0x21, 0x28, 0x46, 0xfe, 0xf7, 0x7f, 0xfd, 0x10, 0xb0, 0xbd, 0xe8, 0xf0, 0x87,
0xfe, 0xf7, 0xb0, 0xfb, 0x7f, 0xe7, 0xd0, 0xe9, 0x14, 0x53, 0x00, 0x2b, 0xd8, 0xbf, 0x4f, 0xea,
0x43, 0x09, 0x17, 0xdd, 0x00, 0xf1, 0x4a, 0x07, 0x05, 0xf5, 0x80, 0x75, 0x4f, 0xea, 0x43, 0x09,
0x07, 0xeb, 0x43, 0x08, 0xa5, 0xf5, 0x80, 0x74, 0x00, 0x21, 0x20, 0x78, 0xfe, 0xf7, 0x04, 0xfb,
0x01, 0x34, 0xac, 0x42, 0x01, 0x46, 0xf8, 0xd1, 0x27, 0xf8, 0x02, 0x0f, 0xb8, 0x45, 0x05, 0xf5,
0x80, 0x75, 0xef, 0xd1, 0x06, 0xf1, 0x4c, 0x05, 0x96, 0xf8, 0x47, 0x70, 0x0d, 0xf1, 0x01, 0x04,
0x09, 0xf1, 0x04, 0x06, 0x4f, 0xf0, 0x3f, 0x08, 0xa9, 0x44, 0x6d, 0x46, 0x3f, 0x2e, 0xa9, 0xeb,
0x06, 0x01, 0x55, 0xdc, 0x32, 0x46, 0x20, 0x46, 0x46, 0xf0, 0x40, 0x06, 0x8d, 0xf8, 0x00, 0x60,
0x00, 0xf0, 0x10, 0xf9, 0x01, 0x23, 0x3a, 0x46, 0x40, 0x21, 0x28, 0x46, 0xfe, 0xf7, 0x3c, 0xfd,
0x4e, 0xe7, 0x44, 0x6d, 0x01, 0x6d, 0x00, 0xf1, 0x4c, 0x05, 0x22, 0x46, 0x28, 0x46, 0xa4, 0x00,
0x2f, 0x19, 0xfe, 0xf7, 0x2d, 0xf9, 0x6d, 0x46, 0x96, 0xf8, 0x47, 0x80, 0x4f, 0xf0, 0x3f, 0x09,
0x26, 0x1d, 0x0d, 0xf1, 0x01, 0x04, 0x3f, 0x2e, 0xa7, 0xeb, 0x06, 0x01, 0x97, 0xdd, 0x8d, 0xf8,
0x00, 0x90, 0x23, 0x46, 0x01, 0xf1, 0x30, 0x0a, 0xd1, 0xf8, 0x00, 0xc0, 0x48, 0x68, 0x8a, 0x68,
0xd1, 0xf8, 0x0c, 0xe0, 0xc3, 0xf8, 0x0c, 0xe0, 0x10, 0x31, 0x51, 0x45, 0xc3, 0xf8, 0x00, 0xc0,
0x58, 0x60, 0x9a, 0x60, 0x03, 0xf1, 0x10, 0x03, 0xee, 0xd1, 0x08, 0x68, 0x4a, 0x68, 0xd1, 0xf8,
0x08, 0xc0, 0xc3, 0xf8, 0x08, 0xc0, 0x18, 0x60, 0x5a, 0x60, 0x8a, 0x89, 0x89, 0x7b, 0x99, 0x73,
0x9a, 0x81, 0x40, 0x21, 0x01, 0x23, 0x42, 0x46, 0x28, 0x46, 0x3f, 0x3e, 0xfe, 0xf7, 0xfc, 0xfc,
0xd1, 0xe7, 0xd0, 0xe9, 0x14, 0x02, 0x06, 0xf1, 0x58, 0x01, 0xfe, 0xf7, 0xf1, 0xf8, 0xfa, 0xe6,
0x8d, 0xf8, 0x00, 0x80, 0x23, 0x46, 0x01, 0xf1, 0x30, 0x0a, 0xd1, 0xf8, 0x00, 0xc0, 0x48, 0x68,
0x8a, 0x68, 0xd1, 0xf8, 0x0c, 0xe0, 0xc3, 0xf8, 0x0c, 0xe0, 0x10, 0x31, 0x51, 0x45, 0xc3, 0xf8,
0x00, 0xc0, 0x58, 0x60, 0x9a, 0x60, 0x03, 0xf1, 0x10, 0x03, 0xee, 0xd1, 0x08, 0x68, 0x4a, 0x68,
0xd1, 0xf8, 0x08, 0xc0, 0xc3, 0xf8, 0x08, 0xc0, 0x18, 0x60, 0x5a, 0x60, 0x8a, 0x89, 0x89, 0x7b,
0x99, 0x73, 0x9a, 0x81, 0x40, 0x21, 0x01, 0x23, 0x3a, 0x46, 0x28, 0x46, 0x3f, 0x3e, 0xfe, 0xf7,
0xcb, 0xfc, 0x7b, 0xe7, 0x8d, 0xf8, 0x00, 0x90, 0x23, 0x46, 0x01, 0xf1, 0x30, 0x0a, 0xd1, 0xf8,
0x00, 0xc0, 0x48, 0x68, 0x8a, 0x68, 0xd1, 0xf8, 0x0c, 0xe0, 0xc3, 0xf8, 0x0c, 0xe0, 0x10, 0x31,
0x51, 0x45, 0xc3, 0xf8, 0x00, 0xc0, 0x58, 0x60, 0x9a, 0x60, 0x03, 0xf1, 0x10, 0x03, 0xee, 0xd1,
0x08, 0x68, 0x4a, 0x68, 0xd1, 0xf8, 0x08, 0xc0, 0xc3, 0xf8, 0x08, 0xc0, 0x18, 0x60, 0x5a, 0x60,
0x8a, 0x89, 0x89, 0x7b, 0x99, 0x73, 0x9a, 0x81, 0x40, 0x21, 0x01, 0x23, 0x42, 0x46, 0x28, 0x46,
0x3f, 0x3e, 0xfe, 0xf7, 0xa1, 0xfc, 0x0d, 0xe7, 0x01, 0x23, 0xa0, 0xf8, 0x4a, 0x30, 0xa2, 0xe6,
0x60, 0x44, 0x11, 0x55, 0xd0, 0x23, 0x00, 0x00, 0xf8, 0xb5, 0x40, 0x21, 0x90, 0xf8, 0x47, 0x20,
0x04, 0x46, 0x03, 0x46, 0x00, 0x20, 0xfe, 0xf7, 0x0d, 0xfc, 0xd0, 0xb1, 0x94, 0xf9, 0x04, 0x30,
0x27, 0x79, 0x00, 0x26, 0xb3, 0x42, 0x26, 0x70, 0x13, 0xdb, 0xb4, 0xf8, 0x44, 0x00, 0x07, 0xf0,
0x3f, 0x05, 0x04, 0xf1, 0x48, 0x03, 0x18, 0x44, 0x2a, 0x46, 0x61, 0x1d, 0x00, 0xf0, 0x4a, 0xf8,
0xb4, 0xf8, 0x44, 0x00, 0x17, 0xf0, 0xc0, 0x0f, 0x28, 0x44, 0x80, 0xb2, 0x03, 0xd1, 0xa4, 0xf8,
0x44, 0x00, 0x00, 0x20, 0xf8, 0xbd, 0xa4, 0xf8, 0x44, 0x60, 0xf8, 0xbd, 0x10, 0xb5, 0x0c, 0x4c,
0x06, 0x23, 0x20, 0x46, 0x84, 0xf8, 0x47, 0x30, 0xff, 0xf7, 0xce, 0xff, 0x10, 0xb1, 0x20, 0x46,
0xff, 0xf7, 0x4c, 0xfe, 0x07, 0x4c, 0x07, 0x23, 0x20, 0x46, 0x84, 0xf8, 0x47, 0x30, 0xff, 0xf7,
0xc3, 0xff, 0x20, 0xb1, 0x20, 0x46, 0xbd, 0xe8, 0x10, 0x40, 0xff, 0xf7, 0x3f, 0xbe, 0x10, 0xbd,
0x8c, 0x13, 0x00, 0x20, 0x14, 0x15, 0x00, 0x20, 0x00, 0xb5, 0xe3, 0xb0, 0x04, 0x46, 0xff, 0xf7,
0x89, 0xfc, 0x4f, 0xf4, 0xc4, 0x72, 0x00, 0x21, 0x68, 0x46, 0x00, 0xf0, 0x21, 0xf8, 0x8d, 0xf8,
0x47, 0x40, 0x68, 0x46, 0xff, 0xf7, 0xa8, 0xff, 0x03, 0x46, 0x68, 0x46, 0x00, 0x2b, 0xf8, 0xd0,
0xff, 0xf7, 0x24, 0xfe, 0x68, 0x46, 0xff, 0xf7, 0x9f, 0xff, 0x03, 0x46, 0x68, 0x46, 0x00, 0x2b,
0xf6, 0xd1, 0xee, 0xe7, 0x0a, 0x44, 0x91, 0x42, 0x00, 0xf1, 0xff, 0x33, 0x00, 0xd1, 0x70, 0x47,
0x10, 0xb5, 0x11, 0xf8, 0x01, 0x4b, 0x03, 0xf8, 0x01, 0x4f, 0x91, 0x42, 0xf9, 0xd1, 0x10, 0xbd,
0x02, 0x44, 0x03, 0x46, 0x93, 0x42, 0x00, 0xd1, 0x70, 0x47, 0x03, 0xf8, 0x01, 0x1b, 0xf9, 0xe7,
0x03, 0x46, 0x13, 0xf8, 0x01, 0x2b, 0x00, 0x2a, 0xfb, 0xd1, 0x18, 0x1a, 0x01, 0x38, 0x70, 0x47,
0x50, 0x69, 0x6d, 0x20, 0x42, 0x6f, 0x6e, 0x67, 0x61, 0x65, 0x72, 0x74, 0x73, 0x00, 0x00, 0x00,
0x46, 0x69, 0x72, 0x65, 0x46, 0x69, 0x73, 0x68, 0x00, 0x00, 0x00, 0x00, 0xfc, 0x61, 0x80, 0x00,
0x10, 0x60, 0x80, 0x00, 0x14, 0x60, 0x80, 0x00, 0x18, 0x60, 0x80, 0x00, 0x12, 0x01, 0x10, 0x02,
0xef, 0x02, 0x01, 0x40, 0x9a, 0x23, 0x7d, 0x00, 0x01, 0x42, 0x01, 0x02, 0x03, 0x01, 0x00, 0x00,
0x06, 0x97, 0xff, 0x09, 0x01, 0xa1, 0x01, 0x15, 0x00, 0x26, 0xff, 0x00, 0x75, 0x08, 0x95, 0x40,
0x09, 0x01, 0x81, 0x02, 0x95, 0x40, 0x09, 0x01, 0x91, 0x02, 0x95, 0x01, 0x09, 0x01, 0xb1, 0x02,
0xc0, 0x00, 0x00, 0x00, 0x00, 0x00, 0x00, 0x00, 0x70, 0x22, 0x00, 0x00, 0x80, 0x22, 0x00, 0x00,
0x90, 0x0e, 0x00, 0x20, 0xeb, 0x3c, 0x90, 0x55, 0x46, 0x32, 0x20, 0x55, 0x46, 0x32, 0x20, 0x00,
0x02, 0x01, 0x01, 0x00, 0x02, 0x40, 0x00, 0x7e, 0x3e, 0xf8, 0x3f, 0x00, 0x01, 0x00, 0x01, 0x00,
0x00, 0x00, 0x00, 0x00, 0x00, 0x00, 0x00, 0x00, 0x80, 0x00, 0x29, 0x42, 0x00, 0x42, 0x00, 0x46,
0x49, 0x52, 0x45, 0x42, 0x4f, 0x4f, 0x54, 0x00, 0x00, 0x00, 0x46, 0x41, 0x54, 0x31, 0x36, 0x20,
0x20, 0x20, 0x00, 0x00, 0x3c, 0x21, 0x64, 0x6f, 0x63, 0x74, 0x79, 0x70, 0x65, 0x20, 0x68, 0x74,
0x6d, 0x6c, 0x3e, 0x0a, 0x3c, 0x68, 0x74, 0x6d, 0x6c, 0x3e, 0x3c, 0x62, 0x6f, 0x64, 0x79, 0x3e,
0x3c, 0x73, 0x63, 0x72, 0x69, 0x70, 0x74, 0x3e, 0x0a, 0x6c, 0x6f, 0x63, 0x61, 0x74, 0x69, 0x6f,
0x6e, 0x2e, 0x72, 0x65, 0x70, 0x6c, 0x61, 0x63, 0x65, 0x28, 0x22, 0x68, 0x74, 0x74, 0x70, 0x73,
0x3a, 0x2f, 0x2f, 0x67, 0x69, 0x74, 0x68, 0x75, 0x62, 0x2e, 0x63, 0x6f, 0x6d, 0x2f, 0x70, 0x69,
0x6d, 0x62, 0x6f, 0x6e, 0x67, 0x61, 0x65, 0x72, 0x74, 0x73, 0x2f, 0x66, 0x69, 0x72, 0x65, 0x66,
0x69, 0x73, 0x68, 0x22, 0x29, 0x3b, 0x0a, 0x3c, 0x2f, 0x73, 0x63, 0x72, 0x69, 0x70, 0x74, 0x3e,
0x3c, 0x2f, 0x62, 0x6f, 0x64, 0x79, 0x3e, 0x3c, 0x2f, 0x68, 0x74, 0x6d, 0x6c, 0x3e, 0x0a, 0x00,
0x49, 0x4e, 0x46, 0x4f, 0x5f, 0x55, 0x46, 0x32, 0x54, 0x58, 0x54, 0x00, 0xd0, 0x23, 0x00, 0x00,
0x49, 0x4e, 0x44, 0x45, 0x58, 0x20, 0x20, 0x20, 0x48, 0x54, 0x4d, 0x00, 0x24, 0x23, 0x00, 0x00,
0x43, 0x55, 0x52, 0x52, 0x45, 0x4e, 0x54, 0x20, 0x55, 0x46, 0x32, 0x00, 0x00, 0x00, 0x00, 0x00,
0x55, 0x46, 0x32, 0x20, 0x42, 0x6f, 0x6f, 0x74, 0x6c, 0x6f, 0x61, 0x64, 0x65, 0x72, 0x20, 0x76,
0x33, 0x2e, 0x31, 0x33, 0x2e, 0x30, 0x2d, 0x39, 0x2d, 0x67, 0x32, 0x66, 0x64, 0x30, 0x35, 0x39,
0x33, 0x20, 0x53, 0x46, 0x48, 0x57, 0x52, 0x4f, 0x0d, 0x0a, 0x4d, 0x6f, 0x64, 0x65, 0x6c, 0x3a,
0x20, 0x46, 0x69, 0x72, 0x65, 0x46, 0x69, 0x73, 0x68, 0x0d, 0x0a, 0x42, 0x6f, 0x61, 0x72, 0x64,
0x2d, 0x49, 0x44, 0x3a, 0x20, 0x46, 0x49, 0x52, 0x45, 0x46, 0x49, 0x53, 0x48, 0x5f, 0x30, 0x32,
0x0d, 0x0a, 0x00, 0x00, 0x00, 0x00, 0x00, 0x08, 0x00, 0x00, 0x3e, 0x80, 0x02, 0x00, 0x02, 0x00,
0x06, 0x00, 0x00, 0x00, 0x58, 0x0a, 0x0d, 0x00, 0x59, 0x0a, 0x0d, 0x00, 0x5a, 0x00, 0x00, 0x00,
0x23, 0x0a, 0x0d, 0x00, 0x76, 0x31, 0x2e, 0x31, 0x20, 0x5b, 0x41, 0x72, 0x64, 0x75, 0x69, 0x6e,
0x6f, 0x3a, 0x58, 0x59, 0x5a, 0x5d, 0x20, 0x4f, 0x63, 0x74, 0x20, 0x31, 0x31, 0x20, 0x32, 0x30,
0x32, 0x31, 0x20, 0x31, 0x36, 0x3a, 0x30, 0x38, 0x3a, 0x35, 0x34, 0x0a, 0x0d, 0x00, 0x00, 0x00,
0x01, 0xc8, 0x00, 0x00, 0x05, 0x0f, 0x39, 0x00, 0x02, 0x18, 0x10, 0x05, 0x00, 0x38, 0xb6, 0x08,
0x34, 0xa9, 0x09, 0xa0, 0x47, 0x8b, 0xfd, 0xa0, 0x76, 0x88, 0x15, 0xb6, 0x65, 0x00, 0x01, 0x01,
0x00, 0x1c, 0x10, 0x05, 0x00, 0xdf, 0x60, 0xdd, 0xd8, 0x89, 0x45, 0xc7, 0x4c, 0x9c, 0xd2, 0x65,
0x9d, 0x9e, 0x64, 0x8a, 0x9f, 0x00, 0x00, 0x03, 0x06, 0xaa, 0x00, 0x02, 0x00, 0x00, 0x00, 0x00,
0x09, 0x02, 0x99, 0x00, 0x05, 0x01, 0x00, 0x80, 0xfa, 0x08, 0x0b, 0x00, 0x02, 0x02, 0x02, 0x01,
0x00, 0x09, 0x04, 0x00, 0x00, 0x01, 0x02, 0x02, 0x01, 0x00, 0x05, 0x24, 0x00, 0x10, 0x01, 0x04,
0x24, 0x02, 0x06, 0x05, 0x24, 0x06, 0x00, 0x01, 0x05, 0x24, 0x01, 0x03, 0x01, 0x07, 0x05, 0x83,
0x03, 0x08, 0x00, 0xff, 0x09, 0x04, 0x01, 0x00, 0x02, 0x0a, 0x00, 0x00, 0x00, 0x07, 0x05, 0x81,
0x02, 0x40, 0x00, 0x00, 0x07, 0x05, 0x02, 0x02, 0x40, 0x00, 0x00, 0x09, 0x04, 0x02, 0x00, 0x02,
0x08, 0x06, 0x50, 0x00, 0x07, 0x05, 0x84, 0x02, 0x40, 0x00, 0x00, 0x07, 0x05, 0x05, 0x02, 0x40,
0x00, 0x00, 0x09, 0x04, 0x03, 0x00, 0x02, 0x03, 0x00, 0x00, 0x00, 0x09, 0x21, 0x00, 0x01, 0x00,
0x01, 0x22, 0x21, 0x00, 0x07, 0x05, 0x86, 0x03, 0x40, 0x00, 0x01, 0x07, 0x05, 0x06, 0x03, 0x40,
0x00, 0x01, 0x09, 0x04, 0x04, 0x00, 0x02, 0xff, 0x2a, 0x01, 0x00, 0x07, 0x05, 0x87, 0x03, 0x40,
0x00, 0x01, 0x07, 0x05, 0x07, 0x03, 0x40, 0x00, 0x01, 0x00, 0x00, 0x00, 0x09, 0x04, 0x03, 0x00,
0x02, 0x03, 0x00, 0x00, 0x03, 0x00, 0x00, 0x00, 0x00, 0xc2, 0x01, 0x00, 0x00, 0x00, 0x08, 0x00,
0x0a, 0x00, 0x00, 0x00, 0x00, 0x00, 0x03, 0x06, 0xaa, 0x00, 0x08, 0x00, 0x02, 0x00, 0x04, 0x00,
0xa0, 0x00, 0x14, 0x00, 0x03, 0x00, 0x57, 0x49, 0x4e, 0x55, 0x53, 0x42, 0x00, 0x00, 0x00, 0x00,
0x00, 0x00, 0x00, 0x00, 0x00, 0x00, 0x84, 0x00, 0x04, 0x00, 0x07, 0x00, 0x2a, 0x00, 0x44, 0x00,
0x65, 0x00, 0x76, 0x00, 0x69, 0x00, 0x63, 0x00, 0x65, 0x00, 0x49, 0x00, 0x6e, 0x00, 0x74, 0x00,
0x65, 0x00, 0x72, 0x00, 0x66, 0x00, 0x61, 0x00, 0x63, 0x00, 0x65, 0x00, 0x47, 0x00, 0x55, 0x00,
0x49, 0x00, 0x44, 0x00, 0x73, 0x00, 0x00, 0x00, 0x50, 0x00, 0x7b, 0x00, 0x39, 0x00, 0x32, 0x00,
0x43, 0x00, 0x45, 0x00, 0x36, 0x00, 0x34, 0x00, 0x36, 0x00, 0x32, 0x00, 0x2d, 0x00, 0x39, 0x00,
0x43, 0x00, 0x37, 0x00, 0x37, 0x00, 0x2d, 0x00, 0x34, 0x00, 0x36, 0x00, 0x46, 0x00, 0x45, 0x00,
0x2d, 0x00, 0x39, 0x00, 0x33, 0x00, 0x33, 0x00, 0x42, 0x00, 0x2d, 0x00, 0x33, 0x00, 0x31, 0x00,
0x43, 0x00, 0x42, 0x00, 0x39, 0x00, 0x43, 0x00, 0x35, 0x00, 0x42, 0x00, 0x42, 0x00, 0x33, 0x00,
0x42, 0x00, 0x39, 0x00, 0x7d, 0x00, 0x00, 0x00, 0x00, 0x00, 0x00, 0x00, 0x53, 0x42, 0x53, 0x55,
0x00, 0x00, 0x00, 0x00, 0x00, 0x00, 0x00, 0x00, 0x00, 0x00, 0x00, 0x00, 0x00, 0x80, 0x02, 0x02,
0x20, 0x00, 0x00, 0x00, 0x00, 0x00, 0x00, 0x00, 0x00, 0x00, 0x00, 0x00, 0x00, 0x00, 0x00, 0x00,
0x00, 0x00, 0x00, 0x00, 0x00, 0x00, 0x00, 0x00, 0x00, 0x00, 0x00, 0x00, 0x31, 0x2e, 0x30, 0x30,
0x00, 0x00, 0x00, 0x00, 0x00, 0x00, 0x00, 0x00, 0x00, 0x00, 0x00, 0x00, 0x00, 0x00, 0x00, 0x00,
0x00, 0x00, 0x00, 0x00, 0x00, 0x00, 0x00, 0x00, 0x00, 0x00, 0x00, 0x00, 0x00, 0x00, 0x00, 0x00,
0x00, 0x00, 0x00, 0x00, 0x00, 0x00, 0x00, 0x00, 0x00, 0x00, 0x00, 0x00, 0x00, 0x00, 0x00, 0x00,
0x00, 0x00, 0x00, 0x00, 0x00, 0x00, 0x00, 0x00, 0x00, 0x00, 0x00, 0x00, 0x00, 0x00, 0x00, 0x00,
0x00, 0x00, 0x00, 0x00, 0x00, 0x00, 0x00, 0x00, 0x00, 0x00, 0x00, 0x00, 0x00, 0x00, 0x00, 0x00,
0x00, 0x00, 0x00, 0x00, 0x00, 0x00, 0x00, 0x00, 0x00, 0x00, 0x00, 0x00, 0x00, 0x00, 0x00, 0x00,
0x00, 0x00, 0x00, 0x00, 0x00, 0x00, 0x00, 0x00, 0x00, 0x00, 0x00, 0x00, 0x00, 0x00, 0x00, 0x00,
0x00, 0x00, 0x00, 0x00, 0x00, 0x00, 0x00, 0x00, 0x00, 0x00, 0x00, 0x00, 0x00, 0x00, 0x00, 0x00,
0x00, 0x00, 0x00, 0x00, 0x00, 0x00, 0x00, 0x00, 0x00, 0x00, 0x00, 0x00, 0x00, 0x00, 0x00, 0x00,
0x00, 0x00, 0x00, 0x00, 0x00, 0x00, 0x00, 0x00, 0x00, 0x00, 0x00, 0x00, 0x00, 0x00, 0x00, 0x00,
0x00, 0x00, 0x00, 0x00, 0x00, 0x00, 0x00, 0x00, 0x00, 0x00, 0x00, 0x00, 0x00, 0x00, 0x00, 0x00,
0x00, 0x00, 0x00, 0x00, 0x00, 0x00, 0x00, 0x00, 0x00, 0x00, 0x00, 0x00, 0x00, 0x00, 0x00, 0x00,
0x00, 0x00, 0x00, 0x00, 0x00, 0x00, 0x00, 0x00, 0x00, 0x00, 0x00, 0x00, 0x00, 0x00, 0x00, 0x00,
0x00, 0x00, 0x00, 0x00, 0x00, 0x00, 0x00, 0x00, 0x00, 0x00, 0x00, 0x00, 0x00, 0x00, 0x00, 0x00,
0x00, 0x00, 0x00, 0x00, 0x00, 0x00, 0x00, 0x00, 0x00, 0x00, 0x00, 0x00, 0x00, 0x00, 0x00, 0x00,
0x00, 0x00, 0x00, 0x00, 0x00, 0x00, 0x00, 0x00, 0x00, 0x00, 0x00, 0x00, 0x00, 0x00, 0x00, 0x00,
0x00, 0x00, 0x00, 0x00, 0x00, 0x00, 0x00, 0x00, 0x00, 0x00, 0x00, 0x00, 0x00, 0x00, 0x00, 0x00,
0x00, 0x00, 0x00, 0x00, 0x00, 0x00, 0x00, 0x00, 0x00, 0x00, 0x00, 0x00, 0x00, 0x00, 0x00, 0x00,
0x00, 0x00, 0x00, 0x00, 0x00, 0x00, 0x00, 0x00, 0x00, 0x00, 0x00, 0x00, 0x00, 0x00, 0x00, 0x00,
0x00, 0x00, 0x00, 0x00, 0x00, 0x00, 0x00, 0x00, 0x00, 0x00, 0x00, 0x00, 0x00, 0x00, 0x00, 0x00,
0x00, 0x00, 0x00, 0x00, 0x00, 0x00, 0x00, 0x00, 0x00, 0x00, 0x00, 0x00, 0x00, 0x00, 0x00, 0x00,
0x00, 0x00, 0x00, 0x00, 0x00, 0x00, 0x00, 0x00, 0x00, 0x00, 0x00, 0x00, 0x00, 0x00, 0x00, 0x00,
0x00, 0x00, 0x00, 0x00, 0x00, 0x00, 0x00, 0x00, 0x00, 0x00, 0x00, 0x00, 0x00, 0x00, 0x00, 0x00,
0x00, 0x00, 0x00, 0x00, 0x00, 0x00, 0x00, 0x00, 0x00, 0x00, 0x00, 0x00, 0x00, 0x00, 0x00, 0x00,
0x00, 0x00, 0x00, 0x00, 0x00, 0x00, 0x00, 0x00, 0x00, 0x00, 0x00, 0x00, 0x00, 0x00, 0x00, 0x00,
0x00, 0x00, 0x00, 0x00, 0x00, 0x00, 0x00, 0x00, 0x00, 0x00, 0x00, 0x00, 0x00, 0x00, 0x00, 0x00,
0x00, 0x00, 0x00, 0x00, 0x00, 0x00, 0x00, 0x00, 0x00, 0x00, 0x00, 0x00, 0x00, 0x00, 0x00, 0x00,
0x00, 0x00, 0x00, 0x00, 0x00, 0x00, 0x00, 0x00, 0x00, 0x00, 0x00, 0x00, 0x00, 0x00, 0x00, 0x00,
0x00, 0x00, 0x00, 0x00, 0x00, 0x00, 0x00, 0x00, 0x00, 0x00, 0x00, 0x00, 0x00, 0x00, 0x00, 0x00,
0x00, 0x00, 0x00, 0x00, 0x00, 0x00, 0x00, 0x00, 0x00, 0x00, 0x00, 0x00, 0x00, 0x00, 0x00, 0x00,
0x00, 0x00, 0x00, 0x00, 0x00, 0x00, 0x00, 0x00, 0x00, 0x00, 0x00, 0x00, 0x00, 0x00, 0x00, 0x00,
0x00, 0x00, 0x00, 0x00, 0x00, 0x00, 0x00, 0x00, 0x00, 0x00, 0x00, 0x00, 0x00, 0x00, 0x00, 0x00,
0x00, 0x00, 0x00, 0x00, 0x00, 0x00, 0x00, 0x00, 0x00, 0x00, 0x00, 0x00, 0x00, 0x00, 0x00, 0x00,
0x00, 0x00, 0x00, 0x00, 0x00, 0x00, 0x00, 0x00, 0x00, 0x00, 0x00, 0x00, 0x00, 0x00, 0x00, 0x00,
0x00, 0x00, 0x00, 0x00, 0x00, 0x00, 0x00, 0x00, 0x00, 0x00, 0x00, 0x00, 0x00, 0x00, 0x00, 0x00,
0x00, 0x00, 0x00, 0x00, 0x00, 0x00, 0x00, 0x00, 0x00, 0x00, 0x00, 0x00, 0x00, 0x00, 0x00, 0x00,
0x00, 0x00, 0x00, 0x00, 0x00, 0x00, 0x00, 0x00, 0x00, 0x00, 0x00, 0x00, 0x00, 0x00, 0x00, 0x00,
0x00, 0x00, 0x00, 0x00, 0x00, 0x00, 0x00, 0x00, 0x00, 0x00, 0x00, 0x00, 0x00, 0x00, 0x00, 0x00,
0x00, 0x00, 0x00, 0x00, 0x00, 0x00, 0x00, 0x00, 0x00, 0x00, 0x00, 0x00, 0x00, 0x00, 0x00, 0x00,
0x00, 0x00, 0x00, 0x00, 0x00, 0x00, 0x00, 0x00, 0x00, 0x00, 0x00, 0x00, 0x00, 0x00, 0x00, 0x00,
0x00, 0x00, 0x00, 0x00, 0x00, 0x00, 0x00, 0x00, 0x00, 0x00, 0x00, 0x00, 0x00, 0x00, 0x00, 0x00,
0x00, 0x00, 0x00, 0x00, 0x00, 0x00, 0x00, 0x00, 0x00, 0x00, 0x00, 0x00, 0x00, 0x00, 0x00, 0x00,
0x00, 0x00, 0x00, 0x00, 0x00, 0x00, 0x00, 0x00, 0x00, 0x00, 0x00, 0x00, 0x00, 0x00, 0x00, 0x00,
0x00, 0x00, 0x00, 0x00, 0x00, 0x00, 0x00, 0x00, 0x00, 0x00, 0x00, 0x00, 0x00, 0x00, 0x00, 0x00,
0x00, 0x00, 0x00, 0x00, 0x00, 0x00, 0x00, 0x00, 0x00, 0x00, 0x00, 0x00, 0x00, 0x00, 0x00, 0x00,
0x00, 0x00, 0x00, 0x00, 0x00, 0x00, 0x00, 0x00, 0x00, 0x00, 0x00, 0x00, 0x00, 0x00, 0x00, 0x00,
0x00, 0x00, 0x00, 0x00, 0x00, 0x00, 0x00, 0x00, 0x00, 0x00, 0x00, 0x00, 0x00, 0x00, 0x00, 0x00,
0x00, 0x00, 0x00, 0x00, 0x00, 0x00, 0x00, 0x00, 0x00, 0x00, 0x00, 0x00, 0x00, 0x00, 0x00, 0x00,
0x00, 0x00, 0x00, 0x00, 0x00, 0x00, 0x00, 0x00, 0x00, 0x00, 0x00, 0x00, 0x00, 0x00, 0x00, 0x00,
0x00, 0x00, 0x00, 0x00, 0x00, 0x00, 0x00, 0x00, 0x00, 0x00, 0x00, 0x00, 0x00, 0x00, 0x00, 0x00,
0x00, 0x00, 0x00, 0x00, 0x00, 0x00, 0x00, 0x00, 0x00, 0x00, 0x00, 0x00, 0x00, 0x00, 0x00, 0x00,
0x00, 0x00, 0x00, 0x00, 0x00, 0x00, 0x00, 0x00, 0x00, 0x00, 0x00, 0x00, 0x00, 0x00, 0x00, 0x00,
0x00, 0x00, 0x00, 0x00, 0x00, 0x00, 0x00, 0x00, 0x00, 0x00, 0x00, 0x00, 0x00, 0x00, 0x00, 0x00,
0x00, 0x00, 0x00, 0x00, 0x00, 0x00, 0x00, 0x00, 0x00, 0x00, 0x00, 0x00, 0x00, 0x00, 0x00, 0x00,
0x00, 0x00, 0x00, 0x00, 0x00, 0x00, 0x00, 0x00, 0x00, 0x00, 0x00, 0x00, 0x00, 0x00, 0x00, 0x00,
0x00, 0x00, 0x00, 0x00, 0x00, 0x00, 0x00, 0x00, 0x00, 0x00, 0x00, 0x00, 0x00, 0x00, 0x00, 0x00,
0x00, 0x00, 0x00, 0x00, 0x00, 0x00, 0x00, 0x00, 0x00, 0x00, 0x00, 0x00, 0x00, 0x00, 0x00, 0x00,
0x00, 0x00, 0x00, 0x00, 0x00, 0x00, 0x00, 0x00, 0x00, 0x00, 0x00, 0x00, 0x00, 0x00, 0x00, 0x00,
0x00, 0x00, 0x00, 0x00, 0x00, 0x00, 0x00, 0x00, 0x00, 0x00, 0x00, 0x00, 0x00, 0x00, 0x00, 0x00,
0x00, 0x00, 0x00, 0x00, 0x00, 0x00, 0x00, 0x00, 0x00, 0x00, 0x00, 0x00, 0x00, 0x00, 0x00, 0x00,
0x00, 0x00, 0x00, 0x00, 0x00, 0x00, 0x00, 0x00, 0x00, 0x00, 0x00, 0x00, 0x00, 0x00, 0x00, 0x00,
0x00, 0x00, 0x00, 0x00, 0x00, 0x00, 0x00, 0x00, 0x00, 0x00, 0x00, 0x00, 0x00, 0x00, 0x00, 0x00,
0x00, 0x00, 0x00, 0x00, 0x00, 0x00, 0x00, 0x00, 0x00, 0x00, 0x00, 0x00, 0x00, 0x00, 0x00, 0x00,
0x00, 0x00, 0x00, 0x00, 0x00, 0x00, 0x00, 0x00, 0x00, 0x00, 0x00, 0x00, 0x00, 0x00, 0x00, 0x00,
0x00, 0x00, 0x00, 0x00, 0x00, 0x00, 0x00, 0x00, 0x00, 0x00, 0x00, 0x00, 0x00, 0x00, 0x00, 0x00,
0x00, 0x00, 0x00, 0x00, 0x00, 0x00, 0x00, 0x00, 0x00, 0x00, 0x00, 0x00, 0x00, 0x00, 0x00, 0x00,
0x00, 0x00, 0x00, 0x00, 0x00, 0x00, 0x00, 0x00, 0x00, 0x00, 0x00, 0x00, 0x00, 0x00, 0x00, 0x00,
0x00, 0x00, 0x00, 0x00, 0x00, 0x00, 0x00, 0x00, 0x00, 0x00, 0x00, 0x00, 0x00, 0x00, 0x00, 0x00,
0x00, 0x00, 0x00, 0x00, 0x00, 0x00, 0x00, 0x00, 0x00, 0x00, 0x00, 0x00, 0x00, 0x00, 0x00, 0x00,
0x00, 0x00, 0x00, 0x00, 0x00, 0x00, 0x00, 0x00, 0x00, 0x00, 0x00, 0x00, 0x00, 0x00, 0x00, 0x00,
0x00, 0x00, 0x00, 0x00, 0x00, 0x00, 0x00, 0x00, 0x00, 0x00, 0x00, 0x00, 0x00, 0x00, 0x00, 0x00,
0x00, 0x00, 0x00, 0x00, 0x00, 0x00, 0x00, 0x00, 0x00, 0x00, 0x00, 0x00, 0x00, 0x00, 0x00, 0x00,
0x00, 0x00, 0x00, 0x00, 0x00, 0x00, 0x00, 0x00, 0x00, 0x00, 0x00, 0x00, 0x00, 0x00, 0x00, 0x00,
0x00, 0x00, 0x00, 0x00, 0x00, 0x00, 0x00, 0x00, 0x00, 0x00, 0x00, 0x00, 0x00, 0x00, 0x00, 0x00,
0x00, 0x00, 0x00, 0x00, 0x00, 0x00, 0x00, 0x00, 0x00, 0x00, 0x00, 0x00, 0x00, 0x00, 0x00, 0x00,
0x00, 0x00, 0x00, 0x00, 0x00, 0x00, 0x00, 0x00, 0x00, 0x00, 0x00, 0x00, 0x00, 0x00, 0x00, 0x00,
0x00, 0x00, 0x00, 0x00, 0x00, 0x00, 0x00, 0x00, 0x00, 0x00, 0x00, 0x00, 0x00, 0x00, 0x00, 0x00,
0x00, 0x00, 0x00, 0x00, 0x00, 0x00, 0x00, 0x00, 0x00, 0x00, 0x00, 0x00, 0x00, 0x00, 0x00, 0x00,
0x00, 0x00, 0x00, 0x00, 0x00, 0x00, 0x00, 0x00, 0x00, 0x00, 0x00, 0x00, 0x00, 0x00, 0x00, 0x00,
0x00, 0x00, 0x00, 0x00, 0x00, 0x00, 0x00, 0x00, 0x00, 0x00, 0x00, 0x00, 0x00, 0x00, 0x00, 0x00,
0x00, 0x00, 0x00, 0x00, 0x00, 0x00, 0x00, 0x00, 0x00, 0x00, 0x00, 0x00, 0x00, 0x00, 0x00, 0x00,
0x00, 0x00, 0x00, 0x00, 0x00, 0x00, 0x00, 0x00, 0x00, 0x00, 0x00, 0x00, 0x00, 0x00, 0x00, 0x00,
0x00, 0x00, 0x00, 0x00, 0x00, 0x00, 0x00, 0x00, 0x00, 0x00, 0x00, 0x00, 0x00, 0x00, 0x00, 0x00,
0x00, 0x00, 0x00, 0x00, 0x00, 0x00, 0x00, 0x00, 0x00, 0x00, 0x00, 0x00, 0x00, 0x00, 0x00, 0x00,
0x00, 0x00, 0x00, 0x00, 0x00, 0x00, 0x00, 0x00, 0x00, 0x00, 0x00, 0x00, 0x00, 0x00, 0x00, 0x00,
0x00, 0x00, 0x00, 0x00, 0x00, 0x00, 0x00, 0x00, 0x00, 0x00, 0x00, 0x00, 0x00, 0x00, 0x00, 0x00,
0x00, 0x00, 0x00, 0x00, 0x00, 0x00, 0x00, 0x00, 0x00, 0x00, 0x00, 0x00, 0x00, 0x00, 0x00, 0x00,
0x00, 0x00, 0x00, 0x00, 0x00, 0x00, 0x00, 0x00, 0x00, 0x00, 0x00, 0x00, 0x00, 0x00, 0x00, 0x00,
0x00, 0x00, 0x00, 0x00, 0x00, 0x00, 0x00, 0x00, 0x00, 0x00, 0x00, 0x00, 0x00, 0x00, 0x00, 0x00,
0x00, 0x00, 0x00, 0x00, 0x00, 0x00, 0x00, 0x00, 0x00, 0x00, 0x00, 0x00, 0x00, 0x00, 0x00, 0x00,
0x00, 0x00, 0x00, 0x00, 0x00, 0x00, 0x00, 0x00, 0x00, 0x00, 0x00, 0x00, 0x00, 0x00, 0x00, 0x00,
0x00, 0x00, 0x00, 0x00, 0x00, 0x00, 0x00, 0x00, 0x00, 0x00, 0x00, 0x00, 0x00, 0x00, 0x00, 0x00,
0x00, 0x00, 0x00, 0x00, 0x00, 0x00, 0x00, 0x00, 0x00, 0x00, 0x00, 0x00, 0x00, 0x00, 0x00, 0x00,
0x00, 0x00, 0x00, 0x00, 0x00, 0x00, 0x00, 0x00, 0x00, 0x00, 0x00, 0x00, 0x00, 0x00, 0x00, 0x00,
0x00, 0x00, 0x00, 0x00, 0x00, 0x00, 0x00, 0x00, 0x00, 0x00, 0x00, 0x00, 0x00, 0x00, 0x00, 0x00,
0x00, 0x00, 0x00, 0x00, 0x00, 0x00, 0x00, 0x00, 0x00, 0x00, 0x00, 0x00, 0x00, 0x00, 0x00, 0x00,
0x00, 0x00, 0x00, 0x00, 0x00, 0x00, 0x00, 0x00, 0x00, 0x00, 0x00, 0x00, 0x00, 0x00, 0x00, 0x00,
0x00, 0x00, 0x00, 0x00, 0x00, 0x00, 0x00, 0x00, 0x00, 0x00, 0x00, 0x00, 0x00, 0x00, 0x00, 0x00,
0x00, 0x00, 0x00, 0x00, 0x00, 0x00, 0x00, 0x00, 0x00, 0x00, 0x00, 0x00, 0x00, 0x00, 0x00, 0x00,
0x00, 0x00, 0x00, 0x00, 0x00, 0x00, 0x00, 0x00, 0x00, 0x00, 0x00, 0x00, 0x00, 0x00, 0x00, 0x00,
0x00, 0x00, 0x00, 0x00, 0x00, 0x00, 0x00, 0x00, 0x00, 0x00, 0x00, 0x00, 0x00, 0x00, 0x00, 0x00,
0x00, 0x00, 0x00, 0x00, 0x00, 0x00, 0x00, 0x00, 0x00, 0x00, 0x00, 0x00, 0x00, 0x00, 0x00, 0x00,
0x00, 0x00, 0x00, 0x00, 0x00, 0x00, 0x00, 0x00, 0x00, 0x00, 0x00, 0x00, 0x00, 0x00, 0x00, 0x00,
0x00, 0x00, 0x00, 0x00, 0x00, 0x00, 0x00, 0x00, 0x00, 0x00, 0x00, 0x00, 0x00, 0x00, 0x00, 0x00,
0x00, 0x00, 0x00, 0x00, 0x00, 0x00, 0x00, 0x00, 0x00, 0x00, 0x00, 0x00, 0x00, 0x00, 0x00, 0x00,
0x00, 0x00, 0x00, 0x00, 0x00, 0x00, 0x00, 0x00, 0x00, 0x00, 0x00, 0x00, 0x00, 0x00, 0x00, 0x00,
0x00, 0x00, 0x00, 0x00, 0x00, 0x00, 0x00, 0x00, 0x00, 0x00, 0x00, 0x00, 0x00, 0x00, 0x00, 0x00,
0x00, 0x00, 0x00, 0x00, 0x00, 0x00, 0x00, 0x00, 0x00, 0x00, 0x00, 0x00, 0x00, 0x00, 0x00, 0x00,
0x00, 0x00, 0x00, 0x00, 0x00, 0x00, 0x00, 0x00, 0x00, 0x00, 0x00, 0x00, 0x00, 0x00, 0x00, 0x00,
0x00, 0x00, 0x00, 0x00, 0x00, 0x00, 0x00, 0x00, 0x00, 0x00, 0x00, 0x00, 0x00, 0x00, 0x00, 0x00,
0x00, 0x00, 0x00, 0x00, 0x00, 0x00, 0x00, 0x00, 0x00, 0x00, 0x00, 0x00, 0x00, 0x00, 0x00, 0x00,
0x00, 0x00, 0x00, 0x00, 0x00, 0x00, 0x00, 0x00, 0x00, 0x00, 0x00, 0x00, 0x00, 0x00, 0x00, 0x00,
0x00, 0x00, 0x00, 0x00, 0x00, 0x00, 0x00, 0x00, 0x00, 0x00, 0x00, 0x00, 0x00, 0x00, 0x00, 0x00,
0x00, 0x00, 0x00, 0x00, 0x00, 0x00, 0x00, 0x00, 0x00, 0x00, 0x00, 0x00, 0x00, 0x00, 0x00, 0x00,
0x00, 0x00, 0x00, 0x00, 0x00, 0x00, 0x00, 0x00, 0x00, 0x00, 0x00, 0x00, 0x00, 0x00, 0x00, 0x00,
0x00, 0x00, 0x00, 0x00, 0x00, 0x00, 0x00, 0x00, 0x00, 0x00, 0x00, 0x00, 0x00, 0x00, 0x00, 0x00,
0x00, 0x00, 0x00, 0x00, 0x00, 0x00, 0x00, 0x00, 0x00, 0x00, 0x00, 0x00, 0x00, 0x00, 0x00, 0x00,
0x00, 0x00, 0x00, 0x00, 0x00, 0x00, 0x00, 0x00, 0x00, 0x00, 0x00, 0x00, 0x00, 0x00, 0x00, 0x00,
0x00, 0x00, 0x00, 0x00, 0x00, 0x00, 0x00, 0x00, 0x00, 0x00, 0x00, 0x00, 0x00, 0x00, 0x00, 0x00,
0x00, 0x00, 0x00, 0x00, 0x00, 0x00, 0x00, 0x00, 0x00, 0x00, 0x00, 0x00, 0x00, 0x00, 0x00, 0x00,
0x00, 0x00, 0x00, 0x00, 0x00, 0x00, 0x00, 0x00, 0x00, 0x00, 0x00, 0x00, 0x00, 0x00, 0x00, 0x00,
0x00, 0x00, 0x00, 0x00, 0x00, 0x00, 0x00, 0x00, 0x00, 0x00, 0x00, 0x00, 0x00, 0x00, 0x00, 0x00,
0x00, 0x00, 0x00, 0x00, 0x00, 0x00, 0x00, 0x00, 0x00, 0x00, 0x00, 0x00, 0x00, 0x00, 0x00, 0x00,
0x00, 0x00, 0x00, 0x00, 0x00, 0x00, 0x00, 0x00, 0x00, 0x00, 0x00, 0x00, 0x00, 0x00, 0x00, 0x00,
0x00, 0x00, 0x00, 0x00, 0x00, 0x00, 0x00, 0x00, 0x00, 0x00, 0x00, 0x00, 0x00, 0x00, 0x00, 0x00,
0x00, 0x00, 0x00, 0x00, 0x00, 0x00, 0x00, 0x00, 0x00, 0x00, 0x00, 0x00, 0x00, 0x00, 0x00, 0x00,
0x00, 0x00, 0x00, 0x00, 0x00, 0x00, 0x00, 0x00, 0x00, 0x00, 0x00, 0x00, 0x00, 0x00, 0x00, 0x00,
0x00, 0x00, 0x00, 0x00, 0x00, 0x00, 0x00, 0x00, 0x00, 0x00, 0x00, 0x00, 0x00, 0x00, 0x00, 0x00,
0x00, 0x00, 0x00, 0x00, 0x00, 0x00, 0x00, 0x00, 0x00, 0x00, 0x00, 0x00, 0x00, 0x00, 0x00, 0x00,
0x00, 0x00, 0x00, 0x00, 0x00, 0x00, 0x00, 0x00, 0x00, 0x00, 0x00, 0x00, 0x00, 0x00, 0x00, 0x00,
0x00, 0x00, 0x00, 0x00, 0x00, 0x00, 0x00, 0x00, 0x00, 0x00, 0x00, 0x00, 0x00, 0x00, 0x00, 0x00,
0x00, 0x00, 0x00, 0x00, 0x00, 0x00, 0x00, 0x00, 0x00, 0x00, 0x00, 0x00, 0x00, 0x00, 0x00, 0x00,
0x00, 0x00, 0x00, 0x00, 0x00, 0x00, 0x00, 0x00, 0x00, 0x00, 0x00, 0x00, 0x00, 0x00, 0x00, 0x00,
0x00, 0x00, 0x00, 0x00, 0x00, 0x00, 0x00, 0x00, 0x00, 0x00, 0x00, 0x00, 0x00, 0x00, 0x00, 0x00,
0x00, 0x00, 0x00, 0x00, 0x00, 0x00, 0x00, 0x00, 0x00, 0x00, 0x00, 0x00, 0x00, 0x00, 0x00, 0x00,
0x00, 0x00, 0x00, 0x00, 0x00, 0x00, 0x00, 0x00, 0x00, 0x00, 0x00, 0x00, 0x00, 0x00, 0x00, 0x00,
0x00, 0x00, 0x00, 0x00, 0x00, 0x00, 0x00, 0x00, 0x00, 0x00, 0x00, 0x00, 0x00, 0x00, 0x00, 0x00,
0x00, 0x00, 0x00, 0x00, 0x00, 0x00, 0x00, 0x00, 0x00, 0x00, 0x00, 0x00, 0x00, 0x00, 0x00, 0x00,
0x00, 0x00, 0x00, 0x00, 0x00, 0x00, 0x00, 0x00, 0x00, 0x00, 0x00, 0x00, 0x00, 0x00, 0x00, 0x00,
0x00, 0x00, 0x00, 0x00, 0x00, 0x00, 0x00, 0x00, 0x00, 0x00, 0x00, 0x00, 0x00, 0x00, 0x00, 0x00,
0x00, 0x00, 0x00, 0x00, 0x00, 0x00, 0x00, 0x00, 0x00, 0x00, 0x00, 0x00, 0x00, 0x00, 0x00, 0x00,
0x00, 0x00, 0x00, 0x00, 0x00, 0x00, 0x00, 0x00, 0x00, 0x00, 0x00, 0x00, 0x00, 0x00, 0x00, 0x00,
0x00, 0x00, 0x00, 0x00, 0x00, 0x00, 0x00, 0x00, 0x00, 0x00, 0x00, 0x00, 0x00, 0x00, 0x00, 0x00,
0x00, 0x00, 0x00, 0x00, 0x00, 0x00, 0x00, 0x00, 0x00, 0x00, 0x00, 0x00, 0x00, 0x00, 0x00, 0x00,
0x00, 0x00, 0x00, 0x00, 0x00, 0x00, 0x00, 0x00, 0x00, 0x00, 0x00, 0x00, 0x00, 0x00, 0x00, 0x00,
0x00, 0x00, 0x00, 0x00, 0x00, 0x00, 0x00, 0x00, 0x00, 0x00, 0x00, 0x00, 0x00, 0x00, 0x00, 0x00,
0x00, 0x00, 0x00, 0x00, 0x00, 0x00, 0x00, 0x00, 0x00, 0x00, 0x00, 0x00, 0x00, 0x00, 0x00, 0x00,
0x00, 0x00, 0x00, 0x00, 0x00, 0x00, 0x00, 0x00, 0x00, 0x00, 0x00, 0x00, 0x00, 0x00, 0x00, 0x00,
0x00, 0x00, 0x00, 0x00, 0x00, 0x00, 0x00, 0x00, 0x00, 0x00, 0x00, 0x00, 0x00, 0x00, 0x00, 0x00,
0x00, 0x00, 0x00, 0x00, 0x00, 0x00, 0x00, 0x00, 0x00, 0x00, 0x00, 0x00, 0x00, 0x00, 0x00, 0x00,
0x00, 0x00, 0x00, 0x00, 0x00, 0x00, 0x00, 0x00, 0x00, 0x00, 0x00, 0x00, 0x00, 0x00, 0x00, 0x00,
0x00, 0x00, 0x00, 0x00, 0x00, 0x00, 0x00, 0x00, 0x00, 0x00, 0x00, 0x00, 0x00, 0x00, 0x00, 0x00,
0x00, 0x00, 0x00, 0x00, 0x00, 0x00, 0x00, 0x00, 0x00, 0x00, 0x00, 0x00, 0x00, 0x00, 0x00, 0x00,
0x00, 0x00, 0x00, 0x00, 0x00, 0x00, 0x00, 0x00, 0x00, 0x00, 0x00, 0x00, 0x00, 0x00, 0x00, 0x00,
0x00, 0x00, 0x00, 0x00, 0x00, 0x00, 0x00, 0x00, 0x00, 0x00, 0x00, 0x00, 0x00, 0x00, 0x00, 0x00,
0x00, 0x00, 0x00, 0x00, 0x00, 0x00, 0x00, 0x00, 0x00, 0x00, 0x00, 0x00, 0x00, 0x00, 0x00, 0x00,
0x00, 0x00, 0x00, 0x00, 0x00, 0x00, 0x00, 0x00, 0x00, 0x00, 0x00, 0x00, 0x00, 0x00, 0x00, 0x00,
0x00, 0x00, 0x00, 0x00, 0x00, 0x00, 0x00, 0x00, 0x00, 0x00, 0x00, 0x00, 0x00, 0x00, 0x00, 0x00,
0x00, 0x00, 0x00, 0x00, 0x00, 0x00, 0x00, 0x00, 0x00, 0x00, 0x00, 0x00, 0x00, 0x00, 0x00, 0x00,
0x00, 0x00, 0x00, 0x00, 0x00, 0x00, 0x00, 0x00, 0x00, 0x00, 0x00, 0x00, 0x00, 0x00, 0x00, 0x00,
0x00, 0x00, 0x00, 0x00, 0x00, 0x00, 0x00, 0x00, 0x00, 0x00, 0x00, 0x00, 0x00, 0x00, 0x00, 0x00,
0x00, 0x00, 0x00, 0x00, 0x00, 0x00, 0x00, 0x00, 0x00, 0x00, 0x00, 0x00, 0x00, 0x00, 0x00, 0x00,
0x00, 0x00, 0x00, 0x00, 0x00, 0x00, 0x00, 0x00, 0x00, 0x00, 0x00, 0x00, 0x00, 0x00, 0x00, 0x00,
0x00, 0x00, 0x00, 0x00, 0x00, 0x00, 0x00, 0x00, 0x00, 0x00, 0x00, 0x00, 0x00, 0x00, 0x00, 0x00,
0x00, 0x00, 0x00, 0x00, 0x00, 0x00, 0x00, 0x00, 0x00, 0x00, 0x00, 0x00, 0x00, 0x00, 0x00, 0x00,
0x00, 0x00, 0x00, 0x00, 0x00, 0x00, 0x00, 0x00, 0x00, 0x00, 0x00, 0x00, 0x00, 0x00, 0x00, 0x00,
0x00, 0x00, 0x00, 0x00, 0x00, 0x00, 0x00, 0x00, 0x00, 0x00, 0x00, 0x00, 0x00, 0x00, 0x00, 0x00,
0x00, 0x00, 0x00, 0x00, 0x00, 0x00, 0x00, 0x00, 0x00, 0x00, 0x00, 0x00, 0x00, 0x00, 0x00, 0x00,
0x00, 0x00, 0x00, 0x00, 0x00, 0x00, 0x00, 0x00, 0x00, 0x00, 0x00, 0x00, 0x00, 0x00, 0x00, 0x00,
0x00, 0x00, 0x00, 0x00, 0x00, 0x00, 0x00, 0x00, 0x00, 0x00, 0x00, 0x00, 0x00, 0x00, 0x00, 0x00,
0x00, 0x00, 0x00, 0x00, 0x00, 0x00, 0x00, 0x00, 0x00, 0x00, 0x00, 0x00, 0x00, 0x00, 0x00, 0x00,
0x00, 0x00, 0x00, 0x00, 0x00, 0x00, 0x00, 0x00, 0x00, 0x00, 0x00, 0x00, 0x00, 0x00, 0x00, 0x00,
0x00, 0x00, 0x00, 0x00, 0x00, 0x00, 0x00, 0x00, 0x00, 0x00, 0x00, 0x00, 0x00, 0x00, 0x00, 0x00,
0x00, 0x00, 0x00, 0x00, 0x00, 0x00, 0x00, 0x00, 0x00, 0x00, 0x00, 0x00, 0x00, 0x00, 0x00, 0x00,
0x00, 0x00, 0x00, 0x00, 0x00, 0x00, 0x00, 0x00, 0x00, 0x00, 0x00, 0x00, 0x00, 0x00, 0x00, 0x00,
0x00, 0x00, 0x00, 0x00, 0x00, 0x00, 0x00, 0x00, 0x00, 0x00, 0x00, 0x00, 0x00, 0x00, 0x00, 0x00,
0x00, 0x00, 0x00, 0x00, 0x00, 0x00, 0x00, 0x00, 0x00, 0x00, 0x00, 0x00, 0x00, 0x00, 0x00, 0x00,
0x00, 0x00, 0x00, 0x00, 0x00, 0x00, 0x00, 0x00, 0x00, 0x00, 0x00, 0x00, 0x00, 0x00, 0x00, 0x00,
0x00, 0x00, 0x00, 0x00, 0x00, 0x00, 0x00, 0x00, 0x00, 0x00, 0x00, 0x00, 0x00, 0x00, 0x00, 0x00,
0x00, 0x00, 0x00, 0x00, 0x00, 0x00, 0x00, 0x00, 0x00, 0x00, 0x00, 0x00, 0x00, 0x00, 0x00, 0x00,
0x00, 0x00, 0x00, 0x00, 0x00, 0x00, 0x00, 0x00, 0x00, 0x00, 0x00, 0x00, 0x00, 0x00, 0x00, 0x00,
0x00, 0x00, 0x00, 0x00, 0x00, 0x00, 0x00, 0x00, 0x00, 0x00, 0x00, 0x00, 0x00, 0x00, 0x00, 0x00,
0x00, 0x00, 0x00, 0x00, 0x00, 0x00, 0x00, 0x00, 0x00, 0x00, 0x00, 0x00, 0x00, 0x00, 0x00, 0x00,
0x00, 0x00, 0x00, 0x00, 0x00, 0x00, 0x00, 0x00, 0x00, 0x00, 0x00, 0x00, 0x00, 0x00, 0x00, 0x00,
0x00, 0x00, 0x00, 0x00, 0x00, 0x00, 0x00, 0x00, 0x00, 0x00, 0x00, 0x00, 0x00, 0x00, 0x00, 0x00,
0x00, 0x00, 0x00, 0x00, 0x00, 0x00, 0x00, 0x00, 0x00, 0x00, 0x00, 0x00, 0x00, 0x00, 0x00, 0x00,
0x00, 0x00, 0x00, 0x00, 0x00, 0x00, 0x00, 0x00, 0x00, 0x00, 0x00, 0x00, 0x00, 0x00, 0x00, 0x00,
0x00, 0x00, 0x00, 0x00, 0x00, 0x00, 0x00, 0x00, 0x00, 0x00, 0x00, 0x00, 0x00, 0x00, 0x00, 0x00,
0x00, 0x00, 0x00, 0x00, 0x00, 0x00, 0x00, 0x00, 0x00, 0x00, 0x00, 0x00, 0x00, 0x00, 0x00, 0x00,
0x00, 0x00, 0x00, 0x00, 0x00, 0x00, 0x00, 0x00, 0x00, 0x00, 0x00, 0x00, 0x00, 0x00, 0x00, 0x00,
0x00, 0x00, 0x00, 0x00, 0x00, 0x00, 0x00, 0x00, 0x00, 0x00, 0x00, 0x00, 0x00, 0x00, 0x00, 0x00,
0x00, 0x00, 0x00, 0x00, 0x00, 0x00, 0x00, 0x00, 0x00, 0x00, 0x00, 0x00, 0x00, 0x00, 0x00, 0x00,
0x00, 0x00, 0x00, 0x00, 0x00, 0x00, 0x00, 0x00, 0x00, 0x00, 0x00, 0x00, 0x00, 0x00, 0x00, 0x00,
0x00, 0x00, 0x00, 0x00, 0x00, 0x00, 0x00, 0x00, 0x00, 0x00, 0x00, 0x00, 0x00, 0x00, 0x00, 0x00,
0x00, 0x00, 0x00, 0x00, 0x00, 0x00, 0x00, 0x00, 0x00, 0x00, 0x00, 0x00, 0x00, 0x00, 0x00, 0x00,
0x00, 0x00, 0x00, 0x00, 0x00, 0x00, 0x00, 0x00, 0x00, 0x00, 0x00, 0x00, 0x00, 0x00, 0x00, 0x00,
0x00, 0x00, 0x00, 0x00, 0x00, 0x00, 0x00, 0x00, 0x00, 0x00, 0x00, 0x00, 0x00, 0x00, 0x00, 0x00,
0x00, 0x00, 0x00, 0x00, 0x00, 0x00, 0x00, 0x00, 0x00, 0x00, 0x00, 0x00, 0x00, 0x00, 0x00, 0x00,
0x00, 0x00, 0x00, 0x00, 0x00, 0x00, 0x00, 0x00, 0x00, 0x00, 0x00, 0x00, 0x00, 0x00, 0x00, 0x00,
0x00, 0x00, 0x00, 0x00, 0x00, 0x00, 0x00, 0x00, 0x00, 0x00, 0x00, 0x00, 0x00, 0x00, 0x00, 0x00,
0x00, 0x00, 0x00, 0x00, 0x00, 0x00, 0x00, 0x00, 0x00, 0x00, 0x00, 0x00, 0x00, 0x00, 0x00, 0x00,
0x00, 0x00, 0x00, 0x00, 0x00, 0x00, 0x00, 0x00, 0x00, 0x00, 0x00, 0x00, 0x00, 0x00, 0x00, 0x00,
0x00, 0x00, 0x00, 0x00, 0x00, 0x00, 0x00, 0x00, 0x00, 0x00, 0x00, 0x00, 0x00, 0x00, 0x00, 0x00,
0x00, 0x00, 0x00, 0x00, 0x00, 0x00, 0x00, 0x00, 0x00, 0x00, 0x00, 0x00, 0x00, 0x00, 0x00, 0x00,
0x00, 0x00, 0x00, 0x00, 0x00, 0x00, 0x00, 0x00, 0x00, 0x00, 0x00, 0x00, 0x00, 0x00, 0x00, 0x00,
0x00, 0x00, 0x00, 0x00, 0x00, 0x00, 0x00, 0x00, 0x00, 0x00, 0x00, 0x00, 0x00, 0x00, 0x00, 0x00,
0x00, 0x00, 0x00, 0x00, 0x00, 0x00, 0x00, 0x00, 0x00, 0x00, 0x00, 0x00, 0x00, 0x00, 0x00, 0x00,
0x00, 0x00, 0x00, 0x00, 0x00, 0x00, 0x00, 0x00, 0x00, 0x00, 0x00, 0x00, 0x00, 0x00, 0x00, 0x00,
0x00, 0x00, 0x00, 0x00, 0x00, 0x00, 0x00, 0x00, 0x00, 0x00, 0x00, 0x00, 0x00, 0x00, 0x00, 0x00,
0x00, 0x00, 0x00, 0x00, 0x00, 0x00, 0x00, 0x00, 0x00, 0x00, 0x00, 0x00, 0x00, 0x00, 0x00, 0x00,
0x00, 0x00, 0x00, 0x00, 0x00, 0x00, 0x00, 0x00, 0x00, 0x00, 0x00, 0x00, 0x00, 0x00, 0x00, 0x00,
0x00, 0x00, 0x00, 0x00, 0x00, 0x00, 0x00, 0x00, 0x00, 0x00, 0x00, 0x00, 0x00, 0x00, 0x00, 0x00,
0x00, 0x00, 0x00, 0x00, 0x00, 0x00, 0x00, 0x00, 0x00, 0x00, 0x00, 0x00, 0x00, 0x00, 0x00, 0x00,
0x00, 0x00, 0x00, 0x00, 0x00, 0x00, 0x00, 0x00, 0x00, 0x00, 0x00, 0x00, 0x00, 0x00, 0x00, 0x00,
0x00, 0x00, 0x00, 0x00, 0x00, 0x00, 0x00, 0x00, 0x00, 0x00, 0x00, 0x00, 0x00, 0x00, 0x00, 0x00,
0x00, 0x00, 0x00, 0x00, 0x00, 0x00, 0x00, 0x00, 0x00, 0x00, 0x00, 0x00, 0x00, 0x00, 0x00, 0x00,
0x00, 0x00, 0x00, 0x00, 0x00, 0x00, 0x00, 0x00, 0x00, 0x00, 0x00, 0x00, 0x00, 0x00, 0x00, 0x00,
0x00, 0x00, 0x00, 0x00, 0x00, 0x00, 0x00, 0x00, 0x00, 0x00, 0x00, 0x00, 0x00, 0x00, 0x00, 0x00,
0x00, 0x00, 0x00, 0x00, 0x00, 0x00, 0x00, 0x00, 0x00, 0x00, 0x00, 0x00, 0x00, 0x00, 0x00, 0x00,
0x00, 0x00, 0x00, 0x00, 0x00, 0x00, 0x00, 0x00, 0x00, 0x00, 0x00, 0x00, 0x00, 0x00, 0x00, 0x00,
0x00, 0x00, 0x00, 0x00, 0x00, 0x00, 0x00, 0x00, 0x00, 0x00, 0x00, 0x00, 0x00, 0x00, 0x00, 0x00,
0x00, 0x00, 0x00, 0x00, 0x00, 0x00, 0x00, 0x00, 0x00, 0x00, 0x00, 0x00, 0x00, 0x00, 0x00, 0x00,
0x00, 0x00, 0x00, 0x00, 0x00, 0x00, 0x00, 0x00, 0x00, 0x00, 0x00, 0x00, 0x00, 0x00, 0x00, 0x00,
0x00, 0x00, 0x00, 0x00, 0x00, 0x00, 0x00, 0x00, 0x00, 0x00, 0x00, 0x00, 0x00, 0x00, 0x00, 0x00,
0x00, 0x00, 0x00, 0x00, 0x00, 0x00, 0x00, 0x00, 0x00, 0x00, 0x00, 0x00, 0x00, 0x00, 0x00, 0x00,
0x00, 0x00, 0x00, 0x00, 0x00, 0x00, 0x00, 0x00, 0x00, 0x00, 0x00, 0x00, 0x00, 0x00, 0x00, 0x00,
0x00, 0x00, 0x00, 0x00, 0x00, 0x00, 0x00, 0x00, 0x00, 0x00, 0x00, 0x00, 0x00, 0x00, 0x00, 0x00,
0x00, 0x00, 0x00, 0x00, 0x00, 0x00, 0x00, 0x00, 0x00, 0x00, 0x00, 0x00, 0x00, 0x00, 0x00, 0x00,
0x00, 0x00, 0x00, 0x00, 0x00, 0x00, 0x00, 0x00, 0x00, 0x00, 0x00, 0x00, 0x00, 0x00, 0x00, 0x00,
0x00, 0x00, 0x00, 0x00, 0x00, 0x00, 0x00, 0x00, 0x00, 0x00, 0x00, 0x00, 0x00, 0x00, 0x00, 0x00,
0x00, 0x00, 0x00, 0x00, 0x00, 0x00, 0x00, 0x00, 0x00, 0x00, 0x00, 0x00, 0x00, 0x00, 0x00, 0x00,
0x00, 0x00, 0x00, 0x00, 0x00, 0x00, 0x00, 0x00, 0x00, 0x00, 0x00, 0x00, 0x00, 0x00, 0x00, 0x00,
0x00, 0x00, 0x00, 0x00, 0x00, 0x00, 0x00, 0x00, 0x00, 0x00, 0x00, 0x00, 0x00, 0x00, 0x00, 0x00,
0x00, 0x00, 0x00, 0x00, 0x00, 0x00, 0x00, 0x00, 0x00, 0x00, 0x00, 0x00, 0x00, 0x00, 0x00, 0x00,
0x00, 0x00, 0x00, 0x00, 0x00, 0x00, 0x00, 0x00, 0x00, 0x00, 0x00, 0x00, 0x00, 0x00, 0x00, 0x00,
0x00, 0x00, 0x00, 0x00, 0x00, 0x00, 0x00, 0x00, 0x00, 0x00, 0x00, 0x00, 0x00, 0x00, 0x00, 0x00,
0x00, 0x00, 0x00, 0x00, 0x00, 0x00, 0x00, 0x00, 0x00, 0x00, 0x00, 0x00, 0x00, 0x00, 0x00, 0x00,
0x00, 0x00, 0x00, 0x00, 0x00, 0x00, 0x00, 0x00, 0x00, 0x00, 0x00, 0x00, 0x00, 0x00, 0x00, 0x00,
0x00, 0x00, 0x00, 0x00, 0x00, 0x00, 0x00, 0x00, 0x00, 0x00, 0x00, 0x00, 0x00, 0x00, 0x00, 0x00,
0x00, 0x00, 0x00, 0x00, 0x00, 0x00, 0x00, 0x00, 0x00, 0x00, 0x00, 0x00, 0x00, 0x00, 0x00, 0x00,
0x00, 0x00, 0x00, 0x00, 0x00, 0x00, 0x00, 0x00, 0x00, 0x00, 0x00, 0x00, 0x00, 0x00, 0x00, 0x00,
0x00, 0x00, 0x00, 0x00, 0x00, 0x00, 0x00, 0x00, 0x00, 0x00, 0x00, 0x00, 0x00, 0x00, 0x00, 0x00,
0x00, 0x00, 0x00, 0x00, 0x00, 0x00, 0x00, 0x00, 0x00, 0x00, 0x00, 0x00, 0x00, 0x00, 0x00, 0x00,
0x00, 0x00, 0x00, 0x00, 0x00, 0x00, 0x00, 0x00, 0x00, 0x00, 0x00, 0x00, 0x00, 0x00, 0x00, 0x00,
0x00, 0x00, 0x00, 0x00, 0x00, 0x00, 0x00, 0x00, 0x00, 0x00, 0x00, 0x00, 0x00, 0x00, 0x00, 0x00,
0x00, 0x00, 0x00, 0x00, 0x00, 0x00, 0x00, 0x00, 0x00, 0x00, 0x00, 0x00, 0x00, 0x00, 0x00, 0x00,
0x00, 0x00, 0x00, 0x00, 0x00, 0x00, 0x00, 0x00, 0x00, 0x00, 0x00, 0x00, 0x00, 0x00, 0x00, 0x00,
0x00, 0x00, 0x00, 0x00, 0x00, 0x00, 0x00, 0x00, 0x00, 0x00, 0x00, 0x00, 0x00, 0x00, 0x00, 0x00,
0x00, 0x00, 0x00, 0x00, 0x00, 0x00, 0x00, 0x00, 0x00, 0x00, 0x00, 0x00, 0x00, 0x00, 0x00, 0x00,
0x00, 0x00, 0x00, 0x00, 0x00, 0x00, 0x00, 0x00, 0x00, 0x00, 0x00, 0x00, 0x00, 0x00, 0x00, 0x00,
0x00, 0x00, 0x00, 0x00, 0x00, 0x00, 0x00, 0x00, 0x00, 0x00, 0x00, 0x00, 0x00, 0x00, 0x00, 0x00,
0x00, 0x00, 0x00, 0x00, 0x00, 0x00, 0x00, 0x00, 0x00, 0x00, 0x00, 0x00, 0x00, 0x00, 0x00, 0x00,
0x00, 0x00, 0x00, 0x00, 0x00, 0x00, 0x00, 0x00, 0x00, 0x00, 0x00, 0x00, 0x00, 0x00, 0x00, 0x00,
0x00, 0x00, 0x00, 0x00, 0x00, 0x00, 0x00, 0x00, 0x00, 0x00, 0x00, 0x00, 0x00, 0x00, 0x00, 0x00,
0x00, 0x00, 0x00, 0x00, 0x00, 0x00, 0x00, 0x00, 0x00, 0x00, 0x00, 0x00, 0x00, 0x00, 0x00, 0x00,
0x00, 0x00, 0x00, 0x00, 0x00, 0x00, 0x00, 0x00, 0x00, 0x00, 0x00, 0x00, 0x00, 0x00, 0x00, 0x00,
0x00, 0x00, 0x00, 0x00, 0x00, 0x00, 0x00, 0x00, 0x00, 0x00, 0x00, 0x00, 0x00, 0x00, 0x00, 0x00,
0x00, 0x00, 0x00, 0x00, 0x00, 0x00, 0x00, 0x00, 0x00, 0x00, 0x00, 0x00, 0x00, 0x00, 0x00, 0x00,
0x00, 0x00, 0x00, 0x00, 0x00, 0x00, 0x00, 0x00, 0x00, 0x00, 0x00, 0x00, 0x00, 0x00, 0x00, 0x00,
0x00, 0x00, 0x00, 0x00, 0x00, 0x00, 0x00, 0x00, 0x00, 0x00, 0x00, 0x00, 0x00, 0x00, 0x00, 0x00,
0x00, 0x00, 0x00, 0x00, 0x00, 0x00, 0x00, 0x00, 0x00, 0x00, 0x00, 0x00, 0x00, 0x00, 0x00, 0x00,
0x00, 0x00, 0x00, 0x00, 0x00, 0x00, 0x00, 0x00, 0x00, 0x00, 0x00, 0x00, 0x00, 0x00, 0x00, 0x00,
0x00, 0x00, 0x00, 0x00, 0x00, 0x00, 0x00, 0x00, 0x00, 0x00, 0x00, 0x00, 0x00, 0x00, 0x00, 0x00,
0x00, 0x00, 0x00, 0x00, 0x00, 0x00, 0x00, 0x00, 0x00, 0x00, 0x00, 0x00, 0x00, 0x00, 0x00, 0x00,
0x00, 0x00, 0x00, 0x00, 0x00, 0x00, 0x00, 0x00, 0x00, 0x00, 0x00, 0x00, 0x00, 0x00, 0x00, 0x00,
0x00, 0x00, 0x00, 0x00, 0x00, 0x00, 0x00, 0x00, 0x00, 0x00, 0x00, 0x00, 0x00, 0x00, 0x00, 0x00,
0x00, 0x00, 0x00, 0x00, 0x00, 0x00, 0x00, 0x00, 0x00, 0x00, 0x00, 0x00, 0x00, 0x00, 0x00, 0x00,
0x00, 0x00, 0x00, 0x00, 0x00, 0x00, 0x00, 0x00, 0x00, 0x00, 0x00, 0x00, 0x00, 0x00, 0x00, 0x00,
0x00, 0x00, 0x00, 0x00, 0x00, 0x00, 0x00, 0x00, 0x00, 0x00, 0x00, 0x00, 0x00, 0x00, 0x00, 0x00,
0x00, 0x00, 0x00, 0x00, 0x00, 0x00, 0x00, 0x00, 0x00, 0x00, 0x00, 0x00, 0x00, 0x00, 0x00, 0x00,
0x00, 0x00, 0x00, 0x00, 0x00, 0x00, 0x00, 0x00, 0x00, 0x00, 0x00, 0x00, 0x00, 0x00, 0x00, 0x00,
0x00, 0x00, 0x00, 0x00, 0x00, 0x00, 0x00, 0x00, 0x00, 0x00, 0x00, 0x00, 0x00, 0x00, 0x00, 0x00,
0x00, 0x00, 0x00, 0x00, 0x00, 0x00, 0x00, 0x00, 0x00, 0x00, 0x00, 0x00, 0x00, 0x00, 0x00, 0x00,
0x00, 0x00, 0x00, 0x00, 0x00, 0x00, 0x00, 0x00, 0x00, 0x00, 0x00, 0x00, 0x00, 0x00, 0x00, 0x00,
0x00, 0x00, 0x00, 0x00, 0x00, 0x00, 0x00, 0x00, 0x00, 0x00, 0x00, 0x00, 0x00, 0x00, 0x00, 0x00,
0x00, 0x00, 0x00, 0x00, 0x00, 0x00, 0x00, 0x00, 0x00, 0x00, 0x00, 0x00, 0x00, 0x00, 0x00, 0x00,
0x00, 0x00, 0x00, 0x00, 0x00, 0x00, 0x00, 0x00, 0x00, 0x00, 0x00, 0x00, 0x00, 0x00, 0x00, 0x00,
0x00, 0x00, 0x00, 0x00, 0x00, 0x00, 0x00, 0x00, 0x00, 0x00, 0x00, 0x00, 0x00, 0x00, 0x00, 0x00,
0x00, 0x00, 0x00, 0x00, 0x00, 0x00, 0x00, 0x00, 0x00, 0x00, 0x00, 0x00, 0x00, 0x00, 0x00, 0x00,
0x00, 0x00, 0x00, 0x00, 0x00, 0x00, 0x00, 0x00, 0x00, 0x00, 0x00, 0x00, 0x00, 0x00, 0x00, 0x00,
0x00, 0x00, 0x00, 0x00, 0x00, 0x00, 0x00, 0x00, 0x00, 0x00, 0x00, 0x00, 0x00, 0x00, 0x00, 0x00,
0x00, 0x00, 0x00, 0x00, 0x00, 0x00, 0x00, 0x00, 0x00, 0x00, 0x00, 0x00, 0x00, 0x00, 0x00, 0x00,
0x00, 0x00, 0x00, 0x00, 0x00, 0x00, 0x00, 0x00, 0x00, 0x00, 0x00, 0x00, 0x00, 0x00, 0x00, 0x00,
0x00, 0x00, 0x00, 0x00, 0x00, 0x00, 0x00, 0x00, 0x00, 0x00, 0x00, 0x00, 0x00, 0x00, 0x00, 0x00,
0x00, 0x00, 0x00, 0x00, 0x00, 0x00, 0x00, 0x00, 0x00, 0x00, 0x00, 0x00, 0x00, 0x00, 0x00, 0x00,
0x00, 0x00, 0x00, 0x00, 0x00, 0x00, 0x00, 0x00, 0x00, 0x00, 0x00, 0x00, 0x00, 0x00, 0x00, 0x00,
0x00, 0x00, 0x00, 0x00, 0x00, 0x00, 0x00, 0x00, 0x00, 0x00, 0x00, 0x00, 0x00, 0x00, 0x00, 0x00,
0x00, 0x00, 0x00, 0x00, 0x00, 0x00, 0x00, 0x00, 0x00, 0x00, 0x00, 0x00, 0x00, 0x00, 0x00, 0x00,
0x00, 0x00, 0x00, 0x00, 0x00, 0x00, 0x00, 0x00, 0x00, 0x00, 0x00, 0x00, 0x00, 0x00, 0x00, 0x00,
0x00, 0x00, 0x00, 0x00, 0x00, 0x00, 0x00, 0x00, 0x00, 0x00, 0x00, 0x00, 0x00, 0x00, 0x00, 0x00,
0x00, 0x00, 0x00, 0x00, 0x00, 0x00, 0x00, 0x00, 0x00, 0x00, 0x00, 0x00, 0x00, 0x00, 0x00, 0x00,
0x00, 0x00, 0x00, 0x00, 0x00, 0x00, 0x00, 0x00, 0x00, 0x00, 0x00, 0x00, 0x00, 0x00, 0x00, 0x00,
0x00, 0x00, 0x00, 0x00, 0x00, 0x00, 0x00, 0x00, 0x00, 0x00, 0x00, 0x00, 0x00, 0x00, 0x00, 0x00,
0x00, 0x00, 0x00, 0x00, 0x00, 0x00, 0x00, 0x00, 0x00, 0x00, 0x00, 0x00, 0x00, 0x00, 0x00, 0x00,
0x00, 0x00, 0x00, 0x00, 0x00, 0x00, 0x00, 0x00, 0x00, 0x00, 0x00, 0x00, 0x00, 0x00, 0x00, 0x00,
0x00, 0x00, 0x00, 0x00, 0x00, 0x00, 0x00, 0x00, 0x00, 0x00, 0x00, 0x00, 0x00, 0x00, 0x00, 0x00,
0x00, 0x00, 0x00, 0x00, 0x00, 0x00, 0x00, 0x00, 0x00, 0x00, 0x00, 0x00, 0x00, 0x00, 0x00, 0x00,
0x00, 0x00, 0x00, 0x00, 0x00, 0x00, 0x00, 0x00, 0x00, 0x00, 0x00, 0x00, 0x00, 0x00, 0x00, 0x00,
0x00, 0x00, 0x00, 0x00, 0x00, 0x00, 0x00, 0x00, 0x00, 0x00, 0x00, 0x00, 0x00, 0x00, 0x00, 0x00,
0x00, 0x00, 0x00, 0x00, 0x00, 0x00, 0x00, 0x00, 0x00, 0x00, 0x00, 0x00, 0x00, 0x00, 0x00, 0x00,
0x00, 0x00, 0x00, 0x00, 0x00, 0x00, 0x00, 0x00, 0x00, 0x00, 0x00, 0x00, 0x00, 0x00, 0x00, 0x00,
0x00, 0x00, 0x00, 0x00, 0x00, 0x00, 0x00, 0x00, 0x00, 0x00, 0x00, 0x00, 0x00, 0x00, 0x00, 0x00,
0x00, 0x00, 0x00, 0x00, 0x00, 0x00, 0x00, 0x00, 0x00, 0x00, 0x00, 0x00, 0x00, 0x00, 0x00, 0x00,
0x00, 0x00, 0x00, 0x00, 0x00, 0x00, 0x00, 0x00, 0x00, 0x00, 0x00, 0x00, 0x00, 0x00, 0x00, 0x00,
0x00, 0x00, 0x00, 0x00, 0x00, 0x00, 0x00, 0x00, 0x00, 0x00, 0x00, 0x00, 0x00, 0x00, 0x00, 0x00,
0x00, 0x00, 0x00, 0x00, 0x00, 0x00, 0x00, 0x00, 0x00, 0x00, 0x00, 0x00, 0x00, 0x00, 0x00, 0x00,
0x00, 0x00, 0x00, 0x00, 0x00, 0x00, 0x00, 0x00, 0x00, 0x00, 0x00, 0x00, 0x00, 0x00, 0x00, 0x00,
0x00, 0x00, 0x00, 0x00, 0x00, 0x00, 0x00, 0x00, 0x00, 0x00, 0x00, 0x00, 0x00, 0x00, 0x00, 0x00,
0x00, 0x00, 0x00, 0x00, 0x00, 0x00, 0x00, 0x00, 0x00, 0x00, 0x00, 0x00, 0x00, 0x00, 0x00, 0x00,
0x00, 0x00, 0x00, 0x00, 0x00, 0x00, 0x00, 0x00, 0x00, 0x00, 0x00, 0x00, 0x00, 0x00, 0x00, 0x00,
0x00, 0x00, 0x00, 0x00, 0x00, 0x00, 0x00, 0x00, 0x00, 0x00, 0x00, 0x00, 0x00, 0x00, 0x00, 0x00,
0x00, 0x00, 0x00, 0x00, 0x00, 0x00, 0x00, 0x00, 0x00, 0x00, 0x00, 0x00, 0x00, 0x00, 0x00, 0x00,
0x00, 0x00, 0x00, 0x00, 0x00, 0x00, 0x00, 0x00, 0x00, 0x00, 0x00, 0x00, 0x00, 0x00, 0x00, 0x00,
0x00, 0x00, 0x00, 0x00, 0x00, 0x00, 0x00, 0x00, 0x00, 0x00, 0x00, 0x00, 0x00, 0x00, 0x00, 0x00,
0x00, 0x00, 0x00, 0x00, 0x00, 0x00, 0x00, 0x00, 0x00, 0x00, 0x00, 0x00, 0x00, 0x00, 0x00, 0x00,
0x00, 0x00, 0x00, 0x00, 0x00, 0x00, 0x00, 0x00, 0x00, 0x00, 0x00, 0x00, 0x00, 0x00, 0x00, 0x00,
0x00, 0x00, 0x00, 0x00, 0x00, 0x00, 0x00, 0x00, 0x00, 0x00, 0x00, 0x00, 0x00, 0x00, 0x00, 0x00,
0x00, 0x00, 0x00, 0x00, 0x00, 0x00, 0x00, 0x00, 0x00, 0x00, 0x00, 0x00, 0x00, 0x00, 0x00, 0x00,
0x00, 0x00, 0x00, 0x00, 0x00, 0x00, 0x00, 0x00, 0x00, 0x00, 0x00, 0x00, 0x00, 0x00, 0x00, 0x00,
0x00, 0x00, 0x00, 0x00, 0x00, 0x00, 0x00, 0x00, 0x00, 0x00, 0x00, 0x00, 0x00, 0x00, 0x00, 0x00,
0x00, 0x00, 0x00, 0x00, 0x00, 0x00, 0x00, 0x00, 0x00, 0x00, 0x00, 0x00, 0x00, 0x00, 0x00, 0x00,
0x00, 0x00, 0x00, 0x00, 0x00, 0x00, 0x00, 0x00, 0x00, 0x00, 0x00, 0x00, 0x00, 0x00, 0x00, 0x00,
0x00, 0x00, 0x00, 0x00, 0x00, 0x00, 0x00, 0x00, 0x00, 0x00, 0x00, 0x00, 0x00, 0x00, 0x00, 0x00,
0x00, 0x00, 0x00, 0x00, 0x00, 0x00, 0x00, 0x00, 0x00, 0x00, 0x00, 0x00, 0x00, 0x00, 0x00, 0x00,
0x00, 0x00, 0x00, 0x00, 0x00, 0x00, 0x00, 0x00, 0x00, 0x00, 0x00, 0x00, 0x00, 0x00, 0x00, 0x00,
0x00, 0x00, 0x00, 0x00, 0x00, 0x00, 0x00, 0x00, 0x00, 0x00, 0x00, 0x00, 0x00, 0x00, 0x00, 0x00,
0x00, 0x00, 0x00, 0x00, 0x00, 0x00, 0x00, 0x00, 0x00, 0x00, 0x00, 0x00, 0x00, 0x00, 0x00, 0x00,
0x00, 0x00, 0x00, 0x00, 0x00, 0x00, 0x00, 0x00, 0x00, 0x00, 0x00, 0x00, 0x00, 0x00, 0x00, 0x00,
0x00, 0x00, 0x00, 0x00, 0x00, 0x00, 0x00, 0x00, 0x00, 0x00, 0x00, 0x00, 0x00, 0x00, 0x00, 0x00,
0x00, 0x00, 0x00, 0x00, 0x00, 0x00, 0x00, 0x00, 0x00, 0x00, 0x00, 0x00, 0x00, 0x00, 0x00, 0x00,
0x00, 0x00, 0x00, 0x00, 0x00, 0x00, 0x00, 0x00, 0x00, 0x00, 0x00, 0x00, 0x00, 0x00, 0x00, 0x00,
0x00, 0x00, 0x00, 0x00, 0x00, 0x00, 0x00, 0x00, 0x00, 0x00, 0x00, 0x00, 0x00, 0x00, 0x00, 0x00,
0x00, 0x00, 0x00, 0x00, 0x00, 0x00, 0x00, 0x00, 0x00, 0x00, 0x00, 0x00, 0x00, 0x00, 0x00, 0x00,
0x00, 0x00, 0x00, 0x00, 0x00, 0x00, 0x00, 0x00, 0x00, 0x00, 0x00, 0x00, 0x00, 0x00, 0x00, 0x00,
0x00, 0x00, 0x00, 0x00, 0x00, 0x00, 0x00, 0x00, 0x00, 0x00, 0x00, 0x00, 0x00, 0x00, 0x00, 0x00,
0x00, 0x00, 0x00, 0x00, 0x00, 0x00, 0x00, 0x00, 0x00, 0x00, 0x00, 0x00, 0x00, 0x00, 0x00, 0x00,
0x00, 0x00, 0x00, 0x00, 0x00, 0x00, 0x00, 0x00, 0x00, 0x00, 0x00, 0x00, 0x00, 0x00, 0x00, 0x00,
0x00, 0x00, 0x00, 0x00, 0x00, 0x00, 0x00, 0x00, 0x00, 0x00, 0x00, 0x00, 0x00, 0x00, 0x00, 0x00,
0x00, 0x00, 0x00, 0x00, 0x00, 0x00, 0x00, 0x00, 0x00, 0x00, 0x00, 0x00, 0x00, 0x00, 0x00, 0x00,
0x00, 0x00, 0x00, 0x00, 0x00, 0x00, 0x00, 0x00, 0x00, 0x00, 0x00, 0x00, 0x00, 0x00, 0x00, 0x00,
0x00, 0x00, 0x00, 0x00, 0x00, 0x00, 0x00, 0x00, 0x00, 0x00, 0x00, 0x00, 0x00, 0x00, 0x00, 0x00,
0x00, 0x00, 0x00, 0x00, 0x00, 0x00, 0x00, 0x00, 0x00, 0x00, 0x00, 0x00, 0x00, 0x00, 0x00, 0x00,
0x00, 0x00, 0x00, 0x00, 0x00, 0x00, 0x00, 0x00, 0x00, 0x00, 0x00, 0x00, 0x00, 0x00, 0x00, 0x00,
0x00, 0x00, 0x00, 0x00, 0x00, 0x00, 0x00, 0x00, 0x00, 0x00, 0x00, 0x00, 0x00, 0x00, 0x00, 0x00,
0x00, 0x00, 0x00, 0x00, 0x00, 0x00, 0x00, 0x00, 0x00, 0x00, 0x00, 0x00, 0x00, 0x00, 0x00, 0x00,
0x00, 0x00, 0x00, 0x00, 0x00, 0x00, 0x00, 0x00, 0x00, 0x00, 0x00, 0x00, 0x00, 0x00, 0x00, 0x00,
0x00, 0x00, 0x00, 0x00, 0x00, 0x00, 0x00, 0x00, 0x00, 0x00, 0x00, 0x00, 0x00, 0x00, 0x00, 0x00,
0x00, 0x00, 0x00, 0x00, 0x00, 0x00, 0x00, 0x00, 0x00, 0x00, 0x00, 0x00, 0x00, 0x00, 0x00, 0x00,
0x00, 0x00, 0x00, 0x00, 0x00, 0x00, 0x00, 0x00, 0x00, 0x00, 0x00, 0x00, 0x00, 0x00, 0x00, 0x00,
0x00, 0x00, 0x00, 0x00, 0x00, 0x00, 0x00, 0x00, 0x00, 0x00, 0x00, 0x00, 0x00, 0x00, 0x00, 0x00,
0x00, 0x00, 0x00, 0x00, 0x00, 0x00, 0x00, 0x00, 0x00, 0x00, 0x00, 0x00, 0x00, 0x00, 0x00, 0x00,
0x00, 0x00, 0x00, 0x00, 0x00, 0x00, 0x00, 0x00, 0x00, 0x00, 0x00, 0x00, 0x00, 0x00, 0x00, 0x00,
0x00, 0x00, 0x00, 0x00, 0x00, 0x00, 0x00, 0x00, 0x00, 0x00, 0x00, 0x00, 0x00, 0x00, 0x00, 0x00,
0x00, 0x00, 0x00, 0x00, 0x00, 0x00, 0x00, 0x00, 0x00, 0x00, 0x00, 0x00, 0x00, 0x00, 0x00, 0x00,
0x00, 0x00, 0x00, 0x00, 0x00, 0x00, 0x00, 0x00, 0x00, 0x00, 0x00, 0x00, 0x00, 0x00, 0x00, 0x00,
0x00, 0x00, 0x00, 0x00, 0x00, 0x00, 0x00, 0x00, 0x00, 0x00, 0x00, 0x00, 0x00, 0x00, 0x00, 0x00,
0x00, 0x00, 0x00, 0x00, 0x00, 0x00, 0x00, 0x00, 0x00, 0x00, 0x00, 0x00, 0x00, 0x00, 0x00, 0x00,
0x00, 0x00, 0x00, 0x00, 0x00, 0x00, 0x00, 0x00, 0x00, 0x00, 0x00, 0x00, 0x00, 0x00, 0x00, 0x00,
0x00, 0x00, 0x00, 0x00, 0x00, 0x00, 0x00, 0x00, 0x00, 0x00, 0x00, 0x00, 0x00, 0x00, 0x00, 0x00,
0x00, 0x00, 0x00, 0x00, 0x00, 0x00, 0x00, 0x00, 0x00, 0x00, 0x00, 0x00, 0x00, 0x00, 0x00, 0x00,
0x00, 0x00, 0x00, 0x00, 0x00, 0x00, 0x00, 0x00, 0x00, 0x00, 0x00, 0x00, 0x00, 0x00, 0x00, 0x00,
0x00, 0x00, 0x00, 0x00, 0x00, 0x00, 0x00, 0x00, 0x00, 0x00, 0x00, 0x00, 0x00, 0x00, 0x00, 0x00,
0x00, 0x00, 0x00, 0x00, 0x00, 0x00, 0x00, 0x00, 0x00, 0x00, 0x00, 0x00, 0x00, 0x00, 0x00, 0x00,
0x00, 0x00, 0x00, 0x00, 0x00, 0x00, 0x00, 0x00, 0x00, 0x00, 0x00, 0x00, 0x00, 0x00, 0x00, 0x00,
0x00, 0x00, 0x00, 0x00, 0x00, 0x00, 0x00, 0x00, 0x00, 0x00, 0x00, 0x00, 0x00, 0x00, 0x00, 0x00,
0x00, 0x00, 0x00, 0x00, 0x00, 0x00, 0x00, 0x00, 0x00, 0x00, 0x00, 0x00, 0x00, 0x00, 0x00, 0x00,
0x00, 0x00, 0x00, 0x00, 0x00, 0x00, 0x00, 0x00, 0x00, 0x00, 0x00, 0x00, 0x00, 0x00, 0x00, 0x00,
0x00, 0x00, 0x00, 0x00, 0x00, 0x00, 0x00, 0x00, 0x00, 0x00, 0x00, 0x00, 0x00, 0x00, 0x00, 0x00,
0x00, 0x00, 0x00, 0x00, 0x00, 0x00, 0x00, 0x00, 0x00, 0x00, 0x00, 0x00, 0x00, 0x00, 0x00, 0x00,
0x00, 0x00, 0x00, 0x00, 0x00, 0x00, 0x00, 0x00, 0x00, 0x00, 0x00, 0x00, 0x00, 0x00, 0x00, 0x00,
0x00, 0x00, 0x00, 0x00, 0x00, 0x00, 0x00, 0x00, 0x00, 0x00, 0x00, 0x00, 0x00, 0x00, 0x00, 0x00,
0x00, 0x00, 0x00, 0x00, 0x00, 0x00, 0x00, 0x00, 0x00, 0x00, 0x00, 0x00, 0x00, 0x00, 0x00, 0x00,
0x00, 0x00, 0x00, 0x00, 0x00, 0x00, 0x00, 0x00, 0x00, 0x00, 0x00, 0x00, 0x00, 0x00, 0x00, 0x00,
0x00, 0x00, 0x00, 0x00, 0x00, 0x00, 0x00, 0x00, 0x00, 0x00, 0x00, 0x00, 0x00, 0x00, 0x00, 0x00,
0x00, 0x00, 0x00, 0x00, 0x00, 0x00, 0x00, 0x00, 0x00, 0x00, 0x00, 0x00, 0x00, 0x00, 0x00, 0x00,
0x00, 0x00, 0x00, 0x00, 0x00, 0x00, 0x00, 0x00, 0x00, 0x00, 0x00, 0x00, 0x00, 0x00, 0x00, 0x00,
0x00, 0x00, 0x00, 0x00, 0x00, 0x00, 0x00, 0x00, 0x00, 0x00, 0x00, 0x00, 0x00, 0x00, 0x00, 0x00,
0x00, 0x00, 0x00, 0x00, 0x00, 0x00, 0x00, 0x00, 0x00, 0x00, 0x00, 0x00, 0x00, 0x00, 0x00, 0x00,
0x00, 0x00, 0x00, 0x00, 0x00, 0x00, 0x00, 0x00, 0x00, 0x00, 0x00, 0x00, 0x00, 0x00, 0x00, 0x00,
0x00, 0x00, 0x00, 0x00, 0x00, 0x00, 0x00, 0x00, 0x00, 0x00, 0x00, 0x00, 0x00, 0x00, 0x00, 0x00,
0x00, 0x00, 0x00, 0x00, 0x00, 0x00, 0x00, 0x00, 0x00, 0x00, 0x00, 0x00, 0x00, 0x00, 0x00, 0x00,
0x00, 0x00, 0x00, 0x00, 0x00, 0x00, 0x00, 0x00, 0x00, 0x00, 0x00, 0x00, 0x00, 0x00, 0x00, 0x00,
0x00, 0x00, 0x00, 0x00, 0x00, 0x00, 0x00, 0x00, 0x00, 0x00, 0x00, 0x00, 0x00, 0x00, 0x00, 0x00,
0x00, 0x00, 0x00, 0x00, 0x00, 0x00, 0x00, 0x00, 0x00, 0x00, 0x00, 0x00, 0x00, 0x00, 0x00, 0x00,
0x00, 0x00, 0x00, 0x00, 0x00, 0x00, 0x00, 0x00, 0x00, 0x00, 0x00, 0x00, 0x00, 0x00, 0x00, 0x00,
0x00, 0x00, 0x00, 0x00, 0x00, 0x00, 0x00, 0x00, 0x00, 0x00, 0x00, 0x00, 0x00, 0x00, 0x00, 0x00,
0x00, 0x00, 0x00, 0x00, 0x00, 0x00, 0x00, 0x00, 0x00, 0x00, 0x00, 0x00, 0x00, 0x00, 0x00, 0x00,
0x00, 0x00, 0x00, 0x00, 0x00, 0x00, 0x00, 0x00, 0x00, 0x00, 0x00, 0x00, 0x00, 0x00, 0x00, 0x00,
0x00, 0x00, 0x00, 0x00, 0x00, 0x00, 0x00, 0x00, 0x00, 0x00, 0x00, 0x00, 0x00, 0x00, 0x00, 0x00,
0x00, 0x00, 0x00, 0x00, 0x00, 0x00, 0x00, 0x00, 0x00, 0x00, 0x00, 0x00, 0x00, 0x00, 0x00, 0x00,
0x00, 0x00, 0x00, 0x00, 0x00, 0x00, 0x00, 0x00, 0x00, 0x00, 0x00, 0x00, 0x00, 0x00, 0x00, 0x00,
0x00, 0x00, 0x00, 0x00, 0x00, 0x00, 0x00, 0x00, 0x00, 0x00, 0x00, 0x00, 0x00, 0x00, 0x00, 0x00,
0x00, 0x00, 0x00, 0x00, 0x00, 0x00, 0x00, 0x00, 0x00, 0x00, 0x00, 0x00, 0x00, 0x00, 0x00, 0x00,
0x00, 0x00, 0x00, 0x00, 0x00, 0x00, 0x00, 0x00, 0x00, 0x00, 0x00, 0x00, 0x00, 0x00, 0x00, 0x00,
0x00, 0x00, 0x00, 0x00, 0x00, 0x00, 0x00, 0x00, 0x00, 0x00, 0x00, 0x00, 0x00, 0x00, 0x00, 0x00,
0x00, 0x00, 0x00, 0x00, 0x00, 0x00, 0x00, 0x00, 0x00, 0x00, 0x00, 0x00, 0x00, 0x00, 0x00, 0x00,
0x00, 0x00, 0x00, 0x00, 0x00, 0x00, 0x00, 0x00, 0x00, 0x00, 0x00, 0x00, 0x00, 0x00, 0x00, 0x00,
0x00, 0x00, 0x00, 0x00, 0x00, 0x00, 0x00, 0x00, 0x00, 0x00, 0x00, 0x00, 0x00, 0x00, 0x00, 0x00,
0x00, 0x00, 0x00, 0x00, 0x00, 0x00, 0x00, 0x00, 0x00, 0x00, 0x00, 0x00, 0x00, 0x00, 0x00, 0x00,
0x00, 0x00, 0x00, 0x00, 0x00, 0x00, 0x00, 0x00, 0x00, 0x00, 0x00, 0x00, 0x00, 0x00, 0x00, 0x00,
0x00, 0x00, 0x00, 0x00, 0x00, 0x00, 0x00, 0x00, 0x00, 0x00, 0x00, 0x00, 0x00, 0x00, 0x00, 0x00,
0x00, 0x00, 0x00, 0x00, 0x00, 0x00, 0x00, 0x00, 0x00, 0x00, 0x00, 0x00, 0x00, 0x00, 0x00, 0x00,
0x00, 0x00, 0x00, 0x00, 0x00, 0x00, 0x00, 0x00, 0x00, 0x00, 0x00, 0x00, 0x00, 0x00, 0x00, 0x00,
0x00, 0x00, 0x00, 0x00, 0x00, 0x00, 0x00, 0x00, 0x00, 0x00, 0x00, 0x00, 0x00, 0x00, 0x00, 0x00,
0x00, 0x00, 0x00, 0x00, 0x00, 0x00, 0x00, 0x00, 0x00, 0x00, 0x00, 0x00, 0x00, 0x00, 0x00, 0x00,
0x00, 0x00, 0x00, 0x00, 0x00, 0x00, 0x00, 0x00, 0x00, 0x00, 0x00, 0x00, 0x00, 0x00, 0x00, 0x00,
0x00, 0x00, 0x00, 0x00, 0x00, 0x00, 0x00, 0x00, 0x00, 0x00, 0x00, 0x00, 0x00, 0x00, 0x00, 0x00,
0x00, 0x00, 0x00, 0x00, 0x00, 0x00, 0x00, 0x00, 0x00, 0x00, 0x00, 0x00, 0x00, 0x00, 0x00, 0x00,
0x00, 0x00, 0x00, 0x00, 0x00, 0x00, 0x00, 0x00, 0x00, 0x00, 0x00, 0x00, 0x00, 0x00, 0x00, 0x00,
0x00, 0x00, 0x00, 0x00, 0x00, 0x00, 0x00, 0x00, 0x00, 0x00, 0x00, 0x00, 0x00, 0x00, 0x00, 0x00,
0x00, 0x00, 0x00, 0x00, 0x00, 0x00, 0x00, 0x00, 0x00, 0x00, 0x00, 0x00, 0x00, 0x00, 0x00, 0x00,
0x00, 0x00, 0x00, 0x00, 0xf9, 0x21, 0x00, 0x00, 0x45, 0x16, 0x00, 0x00, 0xd0, 0x23, 0x00, 0x00,

};
const uint16_t bootloader_crcs[] = {0xb593 ,0x29c0 ,0x822d ,0xfdeb ,0xc017 ,0x4068 ,0x384f ,0xbcd2 ,0x3a2f ,0x8d43 ,0x0000 ,0x0000 ,0x0000 ,0x0000 ,0x0000 ,0x1b5a};
#if defined(__SAMD51__)
#error "update_bootloader*.ino is not available for SAMD51 boards"
#endif

#define BOOTLOADER_K 8

// Error indications:
// 2 quick flashes repeated forever: Flash page size wrong
// 3: checksum error
// 4: write verify failed
//
// Success: 5 slower flashes, then switch to BOOT drive

static uint16_t crcCache[256];

#define CRC16POLY 0x1021

#define FLASH_ROW_SIZE (FLASH_PAGE_SIZE * 4)

uint16_t add_crc(uint8_t ch, unsigned short crc0) {
    if (!crcCache[1]) {
        for (int ptr = 0; ptr < 256; ptr++) {
            uint16_t crc = (int)ptr << 8;
            for (uint16_t cmpt = 0; cmpt < 8; cmpt++) {
                if (crc & 0x8000)
                    crc = crc << 1 ^ CRC16POLY;
                else
                    crc = crc << 1;
            }
            crcCache[ptr] = crc;
        }
    }

    return ((crc0 << 8) ^ crcCache[((crc0 >> 8) ^ ch) & 0xff]) & 0xffff;
}

#define NVM_USER_MEMORY ((volatile uint16_t *)NVMCTRL_USER)

static inline void wait_ready(void) {
    while (NVMCTRL->INTFLAG.bit.READY == 0) {
    }
}

void exec_cmd(uint32_t cmd, const uint32_t *addr) {
    NVMCTRL->STATUS.reg |= NVMCTRL_STATUS_MASK;
    NVMCTRL->ADDR.reg = (uint32_t)addr / 2;
    NVMCTRL->CTRLA.reg = NVMCTRL_CTRLA_CMDEX_KEY | cmd;
    wait_ready();
}

void flash_erase_row(uint32_t *dst) {
    wait_ready();
    // Execute "ER" Erase Row
    exec_cmd(NVMCTRL_CTRLA_CMD_ER, dst);
}

void flash_write_words(uint32_t *dst, uint32_t *src, uint32_t n_words) {
    while (n_words > 0) {
        uint32_t len = min(FLASH_PAGE_SIZE >> 2, n_words);
        n_words -= len;

        // Execute "PBC" Page Buffer Clear
        const uint32_t* dst_start = dst;
        exec_cmd(NVMCTRL_CTRLA_CMD_PBC, dst);

        // Write data to page buffer.
        while (len--) {
            *dst++ = *src++;
        }

        // Execute "WP" Write Page
        exec_cmd(NVMCTRL_CTRLA_CMD_WP, dst_start);
    }
}

void flash_write_row(uint32_t *dst, uint32_t *src) {
    flash_erase_row(dst);
    flash_write_words(dst, src, FLASH_ROW_SIZE / 4);
}

void setBootProt(int v) {
    uint32_t *NVM_FUSES = (uint32_t *)NVMCTRL_AUX0_ADDRESS;

    uint32_t fuses[2];

    fuses[0] = NVM_FUSES[0];
    fuses[1] = NVM_FUSES[1];

    uint32_t bootprot = (fuses[0] & NVMCTRL_FUSES_BOOTPROT_Msk) >> NVMCTRL_FUSES_BOOTPROT_Pos;

    if (bootprot == v) {
        return;
    }

    fuses[0] = (fuses[0] & ~NVMCTRL_FUSES_BOOTPROT_Msk) | (v << NVMCTRL_FUSES_BOOTPROT_Pos);

    wait_ready();
    exec_cmd(NVMCTRL_CTRLA_CMD_EAR, (uint32_t *)NVMCTRL_USER);
    exec_cmd(NVMCTRL_CTRLA_CMD_PBC, (uint32_t *)NVMCTRL_USER);

    NVM_FUSES[0] = fuses[0];
    NVM_FUSES[1] = fuses[1];

    exec_cmd(NVMCTRL_CTRLA_CMD_WAP, (uint32_t *)NVMCTRL_USER);

    NVIC_SystemReset();
}

// We can't use regular loop_delay() because it uses interrupts, which we turn off.
void loop_delay(int ms) {
    ms <<= 13;
    while (ms--) {
        asm("nop");
    }
}

void blink_n(int n, int interval) {
    // Start out off.
    digitalWrite(LED_BUILTIN, LOW);
    loop_delay(interval);
    for (int i = 0; i < n; ++i) {
        digitalWrite(LED_BUILTIN, HIGH);
        loop_delay(interval);
        digitalWrite(LED_BUILTIN, LOW);
        loop_delay(interval);
    }
}

void blink_n_forever(int n, int interval) {
    while(1) {
        blink_n(n, interval);
        loop_delay(interval*5);
    }
}

void setup() {
    pinMode(LED_BUILTIN, OUTPUT);
    digitalWrite(LED_BUILTIN, HIGH);

    if (8 << NVMCTRL->PARAM.bit.PSZ != FLASH_PAGE_SIZE) {
        blink_n_forever(2, 200);
    }

    NVMCTRL->CTRLB.bit.MANW = 1;
    NVMCTRL->CTRLB.bit.CACHEDIS = 1;

    __disable_irq();

    // This will cause a reset and re-enter the program if a change was necessary.
    // If no change was necessary we'll fall through.
    setBootProt(7); // 0kB; disable BOOTPROT while writing.

    const uint8_t *ptr = bootloader;

    for (int i = 0; i < BOOTLOADER_K; ++i) {
        int crc = 0;
        for (int j = 0; j < 1024; ++j) {
            crc = add_crc(*ptr++, crc);
        }
        if (bootloader_crcs[i] != crc) {
            blink_n_forever(3, 200);
        }
    }

    // Writing starts at 0x0, so flash_addr can be used as an index into bootloader[].
    for (int flash_addr = 0; flash_addr < BOOTLOADER_K * 1024; flash_addr += FLASH_ROW_SIZE) {
        flash_write_row((uint32_t *)flash_addr, (uint32_t *)&bootloader[flash_addr]);
        if (memcmp((const void *)flash_addr, &bootloader[flash_addr], FLASH_ROW_SIZE) != 0) {
            // Write verify failed.
            blink_n_forever(4, 200);
        }
    }

    // re-base int vector back to bootloader, so that the flash erase below doesn't write over the
    // vectors
    SCB->VTOR = 0;

    blink_n(5, 750);

    // Write zeros to the stack location and reset handler location so the
    // bootloader doesn't run us a second time. We don't need to erase to write
    // zeros. The remainder of the write unit will be set to 1s which should
    // preserve the existing values but it's not critical.
    uint32_t zeros[2] = {0, 0};
    flash_write_words((uint32_t *)(BOOTLOADER_K * 1024), zeros, 2);

    setBootProt(2); // 8kB

}

void loop() {
}
